split_id,seed,eps,model,feature,global_importance
0,0,0.02,LightGBMLarge_BAG_L1,item_id,0.0
0,0,0.02,LightGBMLarge_BAG_L1,target_lag1,1.4685925436106493
0,0,0.02,LightGBMLarge_BAG_L1,target_lag2,0.2547533970890163
0,0,0.02,LightGBMLarge_BAG_L1,target_lag3,0.23165306909892527
0,0,0.02,LightGBMLarge_BAG_L1,target_lag4,0.16787317403150692
0,0,0.02,LightGBMLarge_BAG_L1,target_lag5,0.11147865328958441
0,0,0.02,LightGBMLarge_BAG_L1,target_lag6,0.1298660506952912
0,0,0.02,LightGBMLarge_BAG_L1,cov_HULL_lag1,0.048992235677487166
0,0,0.02,LightGBMLarge_BAG_L1,cov_MUFL_lag1,4.602714573815752
0,0,0.02,LightGBMLarge_BAG_L1,cov_MULL_lag1,0.08576979170977879
0,0,0.02,LightGBMLarge_BAG_L1,cov_LUFL_lag1,0.1751568122653674
0,0,0.02,LightGBMLarge_BAG_L1,cov_LULL_lag1,0.08272881157213215
0,0,0.02,LightGBMLarge_BAG_L1,cov_OT_lag1,0.3427171055254348
0,0,0.02,LightGBMLarge_BAG_L1,hour_lag1,1.332755019335773
0,0,0.02,LightGBMLarge_BAG_L1,day_of_week_lag1,0.0420049951829694
0,0,0.02,LightGBMLarge_BAG_L1,month_lag1,0.10031786729060319
0,0,0.02,LightGBMLarge_BAG_L1,month_sin,0.045594243776109454
0,0,0.02,LightGBMLarge_BAG_L1,month_cos,0.08448114801301969
0,0,0.02,LightGBMLarge_BAG_L1,year,0.0
0,0,0.05,LightGBMLarge_BAG_L1,item_id,0.0
0,0,0.05,LightGBMLarge_BAG_L1,target_lag1,1.4685925436106493
0,0,0.05,LightGBMLarge_BAG_L1,target_lag2,0.2547533970890163
0,0,0.05,LightGBMLarge_BAG_L1,target_lag3,0.23165306909892527
0,0,0.05,LightGBMLarge_BAG_L1,target_lag4,0.16787317403150692
0,0,0.05,LightGBMLarge_BAG_L1,target_lag5,0.11147865328958441
0,0,0.05,LightGBMLarge_BAG_L1,target_lag6,0.1298660506952912
0,0,0.05,LightGBMLarge_BAG_L1,cov_HULL_lag1,0.048992235677487166
0,0,0.05,LightGBMLarge_BAG_L1,cov_MUFL_lag1,4.602714573815752
0,0,0.05,LightGBMLarge_BAG_L1,cov_MULL_lag1,0.08576979170977879
0,0,0.05,LightGBMLarge_BAG_L1,cov_LUFL_lag1,0.1751568122653674
0,0,0.05,LightGBMLarge_BAG_L1,cov_LULL_lag1,0.08272881157213215
0,0,0.05,LightGBMLarge_BAG_L1,cov_OT_lag1,0.3427171055254348
0,0,0.05,LightGBMLarge_BAG_L1,hour_lag1,1.332755019335773
0,0,0.05,LightGBMLarge_BAG_L1,day_of_week_lag1,0.0420049951829694
0,0,0.05,LightGBMLarge_BAG_L1,month_lag1,0.10031786729060319
0,0,0.05,LightGBMLarge_BAG_L1,month_sin,0.045594243776109454
0,0,0.05,LightGBMLarge_BAG_L1,month_cos,0.08448114801301969
0,0,0.05,LightGBMLarge_BAG_L1,year,0.0
0,0,0.1,LightGBMLarge_BAG_L1,item_id,0.0
0,0,0.1,LightGBMLarge_BAG_L1,target_lag1,1.4685925436106493
0,0,0.1,LightGBMLarge_BAG_L1,target_lag2,0.2547533970890163
0,0,0.1,LightGBMLarge_BAG_L1,target_lag3,0.23165306909892527
0,0,0.1,LightGBMLarge_BAG_L1,target_lag4,0.16787317403150692
0,0,0.1,LightGBMLarge_BAG_L1,target_lag5,0.11147865328958441
0,0,0.1,LightGBMLarge_BAG_L1,target_lag6,0.1298660506952912
0,0,0.1,LightGBMLarge_BAG_L1,cov_HULL_lag1,0.048992235677487166
0,0,0.1,LightGBMLarge_BAG_L1,cov_MUFL_lag1,4.602714573815752
0,0,0.1,LightGBMLarge_BAG_L1,cov_MULL_lag1,0.08576979170977879
0,0,0.1,LightGBMLarge_BAG_L1,cov_LUFL_lag1,0.1751568122653674
0,0,0.1,LightGBMLarge_BAG_L1,cov_LULL_lag1,0.08272881157213215
0,0,0.1,LightGBMLarge_BAG_L1,cov_OT_lag1,0.3427171055254348
0,0,0.1,LightGBMLarge_BAG_L1,hour_lag1,1.332755019335773
0,0,0.1,LightGBMLarge_BAG_L1,day_of_week_lag1,0.0420049951829694
0,0,0.1,LightGBMLarge_BAG_L1,month_lag1,0.10031786729060319
0,0,0.1,LightGBMLarge_BAG_L1,month_sin,0.045594243776109454
0,0,0.1,LightGBMLarge_BAG_L1,month_cos,0.08448114801301969
0,0,0.1,LightGBMLarge_BAG_L1,year,0.0
0,0,0.2,LightGBMLarge_BAG_L1,item_id,0.0
0,0,0.2,LightGBMLarge_BAG_L1,target_lag1,1.4685925436106493
0,0,0.2,LightGBMLarge_BAG_L1,target_lag2,0.2547533970890163
0,0,0.2,LightGBMLarge_BAG_L1,target_lag3,0.23165306909892527
0,0,0.2,LightGBMLarge_BAG_L1,target_lag4,0.16787317403150692
0,0,0.2,LightGBMLarge_BAG_L1,target_lag5,0.11147865328958441
0,0,0.2,LightGBMLarge_BAG_L1,target_lag6,0.1298660506952912
0,0,0.2,LightGBMLarge_BAG_L1,cov_HULL_lag1,0.048992235677487166
0,0,0.2,LightGBMLarge_BAG_L1,cov_MUFL_lag1,4.602714573815752
0,0,0.2,LightGBMLarge_BAG_L1,cov_MULL_lag1,0.08576979170977879
0,0,0.2,LightGBMLarge_BAG_L1,cov_LUFL_lag1,0.1751568122653674
0,0,0.2,LightGBMLarge_BAG_L1,cov_LULL_lag1,0.08272881157213215
0,0,0.2,LightGBMLarge_BAG_L1,cov_OT_lag1,0.3427171055254348
0,0,0.2,LightGBMLarge_BAG_L1,hour_lag1,1.332755019335773
0,0,0.2,LightGBMLarge_BAG_L1,day_of_week_lag1,0.0420049951829694
0,0,0.2,LightGBMLarge_BAG_L1,month_lag1,0.10031786729060319
0,0,0.2,LightGBMLarge_BAG_L1,month_sin,0.045594243776109454
0,0,0.2,LightGBMLarge_BAG_L1,month_cos,0.08448114801301969
0,0,0.2,LightGBMLarge_BAG_L1,year,0.0
0,0,0.3,LightGBMLarge_BAG_L1,item_id,0.0
0,0,0.3,LightGBMLarge_BAG_L1,target_lag1,1.4685925436106493
0,0,0.3,LightGBMLarge_BAG_L1,target_lag2,0.2547533970890163
0,0,0.3,LightGBMLarge_BAG_L1,target_lag3,0.23165306909892527
0,0,0.3,LightGBMLarge_BAG_L1,target_lag4,0.16787317403150692
0,0,0.3,LightGBMLarge_BAG_L1,target_lag5,0.11147865328958441
0,0,0.3,LightGBMLarge_BAG_L1,target_lag6,0.1298660506952912
0,0,0.3,LightGBMLarge_BAG_L1,cov_HULL_lag1,0.048992235677487166
0,0,0.3,LightGBMLarge_BAG_L1,cov_MUFL_lag1,4.602714573815752
0,0,0.3,LightGBMLarge_BAG_L1,cov_MULL_lag1,0.08576979170977879
0,0,0.3,LightGBMLarge_BAG_L1,cov_LUFL_lag1,0.1751568122653674
0,0,0.3,LightGBMLarge_BAG_L1,cov_LULL_lag1,0.08272881157213215
0,0,0.3,LightGBMLarge_BAG_L1,cov_OT_lag1,0.3427171055254348
0,0,0.3,LightGBMLarge_BAG_L1,hour_lag1,1.332755019335773
0,0,0.3,LightGBMLarge_BAG_L1,day_of_week_lag1,0.0420049951829694
0,0,0.3,LightGBMLarge_BAG_L1,month_lag1,0.10031786729060319
0,0,0.3,LightGBMLarge_BAG_L1,month_sin,0.045594243776109454
0,0,0.3,LightGBMLarge_BAG_L1,month_cos,0.08448114801301969
0,0,0.3,LightGBMLarge_BAG_L1,year,0.0
1,0,0.02,LightGBMLarge_BAG_L1,item_id,0.0
1,0,0.02,LightGBMLarge_BAG_L1,target_lag1,1.8506636457391263
1,0,0.02,LightGBMLarge_BAG_L1,target_lag2,0.334646620438941
1,0,0.02,LightGBMLarge_BAG_L1,target_lag3,0.1615252142193333
1,0,0.02,LightGBMLarge_BAG_L1,target_lag4,0.18650805722290936
1,0,0.02,LightGBMLarge_BAG_L1,target_lag5,0.06269932968749829
1,0,0.02,LightGBMLarge_BAG_L1,target_lag6,0.11232661694848123
1,0,0.02,LightGBMLarge_BAG_L1,cov_HULL_lag1,0.0910670267351133
1,0,0.02,LightGBMLarge_BAG_L1,cov_MUFL_lag1,2.1084609907848315
1,0,0.02,LightGBMLarge_BAG_L1,cov_MULL_lag1,0.10339805099209501
1,0,0.02,LightGBMLarge_BAG_L1,cov_LUFL_lag1,0.1722970946367561
1,0,0.02,LightGBMLarge_BAG_L1,cov_LULL_lag1,0.06282677318165794
1,0,0.02,LightGBMLarge_BAG_L1,cov_OT_lag1,0.2064247724660493
1,0,0.02,LightGBMLarge_BAG_L1,hour_lag1,1.4336499425477813
1,0,0.02,LightGBMLarge_BAG_L1,day_of_week_lag1,0.03371100610654374
1,0,0.02,LightGBMLarge_BAG_L1,month_lag1,0.18550952520131211
1,0,0.02,LightGBMLarge_BAG_L1,month_sin,0.17888042274783367
1,0,0.02,LightGBMLarge_BAG_L1,month_cos,0.08135889192944255
1,0,0.02,LightGBMLarge_BAG_L1,year,0.25958122259205413
1,0,0.05,LightGBMLarge_BAG_L1,item_id,0.0
1,0,0.05,LightGBMLarge_BAG_L1,target_lag1,1.8506636457391263
1,0,0.05,LightGBMLarge_BAG_L1,target_lag2,0.334646620438941
1,0,0.05,LightGBMLarge_BAG_L1,target_lag3,0.1615252142193333
1,0,0.05,LightGBMLarge_BAG_L1,target_lag4,0.18650805722290936
1,0,0.05,LightGBMLarge_BAG_L1,target_lag5,0.06269932968749829
1,0,0.05,LightGBMLarge_BAG_L1,target_lag6,0.11232661694848123
1,0,0.05,LightGBMLarge_BAG_L1,cov_HULL_lag1,0.0910670267351133
1,0,0.05,LightGBMLarge_BAG_L1,cov_MUFL_lag1,2.1084609907848315
1,0,0.05,LightGBMLarge_BAG_L1,cov_MULL_lag1,0.10339805099209501
1,0,0.05,LightGBMLarge_BAG_L1,cov_LUFL_lag1,0.1722970946367561
1,0,0.05,LightGBMLarge_BAG_L1,cov_LULL_lag1,0.06282677318165794
1,0,0.05,LightGBMLarge_BAG_L1,cov_OT_lag1,0.2064247724660493
1,0,0.05,LightGBMLarge_BAG_L1,hour_lag1,1.4336499425477813
1,0,0.05,LightGBMLarge_BAG_L1,day_of_week_lag1,0.03371100610654374
1,0,0.05,LightGBMLarge_BAG_L1,month_lag1,0.18550952520131211
1,0,0.05,LightGBMLarge_BAG_L1,month_sin,0.17888042274783367
1,0,0.05,LightGBMLarge_BAG_L1,month_cos,0.08135889192944255
1,0,0.05,LightGBMLarge_BAG_L1,year,0.25958122259205413
1,0,0.1,LightGBMLarge_BAG_L1,item_id,0.0
1,0,0.1,LightGBMLarge_BAG_L1,target_lag1,1.8506636457391263
1,0,0.1,LightGBMLarge_BAG_L1,target_lag2,0.334646620438941
1,0,0.1,LightGBMLarge_BAG_L1,target_lag3,0.1615252142193333
1,0,0.1,LightGBMLarge_BAG_L1,target_lag4,0.18650805722290936
1,0,0.1,LightGBMLarge_BAG_L1,target_lag5,0.06269932968749829
1,0,0.1,LightGBMLarge_BAG_L1,target_lag6,0.11232661694848123
1,0,0.1,LightGBMLarge_BAG_L1,cov_HULL_lag1,0.0910670267351133
1,0,0.1,LightGBMLarge_BAG_L1,cov_MUFL_lag1,2.1084609907848315
1,0,0.1,LightGBMLarge_BAG_L1,cov_MULL_lag1,0.10339805099209501
1,0,0.1,LightGBMLarge_BAG_L1,cov_LUFL_lag1,0.1722970946367561
1,0,0.1,LightGBMLarge_BAG_L1,cov_LULL_lag1,0.06282677318165794
1,0,0.1,LightGBMLarge_BAG_L1,cov_OT_lag1,0.2064247724660493
1,0,0.1,LightGBMLarge_BAG_L1,hour_lag1,1.4336499425477813
1,0,0.1,LightGBMLarge_BAG_L1,day_of_week_lag1,0.03371100610654374
1,0,0.1,LightGBMLarge_BAG_L1,month_lag1,0.18550952520131211
1,0,0.1,LightGBMLarge_BAG_L1,month_sin,0.17888042274783367
1,0,0.1,LightGBMLarge_BAG_L1,month_cos,0.08135889192944255
1,0,0.1,LightGBMLarge_BAG_L1,year,0.25958122259205413
1,0,0.2,LightGBMLarge_BAG_L1,item_id,0.0
1,0,0.2,LightGBMLarge_BAG_L1,target_lag1,1.8506636457391263
1,0,0.2,LightGBMLarge_BAG_L1,target_lag2,0.334646620438941
1,0,0.2,LightGBMLarge_BAG_L1,target_lag3,0.1615252142193333
1,0,0.2,LightGBMLarge_BAG_L1,target_lag4,0.18650805722290936
1,0,0.2,LightGBMLarge_BAG_L1,target_lag5,0.06269932968749829
1,0,0.2,LightGBMLarge_BAG_L1,target_lag6,0.11232661694848123
1,0,0.2,LightGBMLarge_BAG_L1,cov_HULL_lag1,0.0910670267351133
1,0,0.2,LightGBMLarge_BAG_L1,cov_MUFL_lag1,2.1084609907848315
1,0,0.2,LightGBMLarge_BAG_L1,cov_MULL_lag1,0.10339805099209501
1,0,0.2,LightGBMLarge_BAG_L1,cov_LUFL_lag1,0.1722970946367561
1,0,0.2,LightGBMLarge_BAG_L1,cov_LULL_lag1,0.06282677318165794
1,0,0.2,LightGBMLarge_BAG_L1,cov_OT_lag1,0.2064247724660493
1,0,0.2,LightGBMLarge_BAG_L1,hour_lag1,1.4336499425477813
1,0,0.2,LightGBMLarge_BAG_L1,day_of_week_lag1,0.03371100610654374
1,0,0.2,LightGBMLarge_BAG_L1,month_lag1,0.18550952520131211
1,0,0.2,LightGBMLarge_BAG_L1,month_sin,0.17888042274783367
1,0,0.2,LightGBMLarge_BAG_L1,month_cos,0.08135889192944255
1,0,0.2,LightGBMLarge_BAG_L1,year,0.25958122259205413
1,0,0.3,LightGBMLarge_BAG_L1,item_id,0.0
1,0,0.3,LightGBMLarge_BAG_L1,target_lag1,1.8506636457391263
1,0,0.3,LightGBMLarge_BAG_L1,target_lag2,0.334646620438941
1,0,0.3,LightGBMLarge_BAG_L1,target_lag3,0.1615252142193333
1,0,0.3,LightGBMLarge_BAG_L1,target_lag4,0.18650805722290936
1,0,0.3,LightGBMLarge_BAG_L1,target_lag5,0.06269932968749829
1,0,0.3,LightGBMLarge_BAG_L1,target_lag6,0.11232661694848123
1,0,0.3,LightGBMLarge_BAG_L1,cov_HULL_lag1,0.0910670267351133
1,0,0.3,LightGBMLarge_BAG_L1,cov_MUFL_lag1,2.1084609907848315
1,0,0.3,LightGBMLarge_BAG_L1,cov_MULL_lag1,0.10339805099209501
1,0,0.3,LightGBMLarge_BAG_L1,cov_LUFL_lag1,0.1722970946367561
1,0,0.3,LightGBMLarge_BAG_L1,cov_LULL_lag1,0.06282677318165794
1,0,0.3,LightGBMLarge_BAG_L1,cov_OT_lag1,0.2064247724660493
1,0,0.3,LightGBMLarge_BAG_L1,hour_lag1,1.4336499425477813
1,0,0.3,LightGBMLarge_BAG_L1,day_of_week_lag1,0.03371100610654374
1,0,0.3,LightGBMLarge_BAG_L1,month_lag1,0.18550952520131211
1,0,0.3,LightGBMLarge_BAG_L1,month_sin,0.17888042274783367
1,0,0.3,LightGBMLarge_BAG_L1,month_cos,0.08135889192944255
1,0,0.3,LightGBMLarge_BAG_L1,year,0.25958122259205413
2,0,0.02,LightGBMLarge_BAG_L1,item_id,0.0
2,0,0.02,LightGBMLarge_BAG_L1,target_lag1,1.8077498980982336
2,0,0.02,LightGBMLarge_BAG_L1,target_lag2,0.3065678491798767
2,0,0.02,LightGBMLarge_BAG_L1,target_lag3,0.13444714448887213
2,0,0.02,LightGBMLarge_BAG_L1,target_lag4,0.11724233135460663
2,0,0.02,LightGBMLarge_BAG_L1,target_lag5,0.0769872558749048
2,0,0.02,LightGBMLarge_BAG_L1,target_lag6,0.12473369374935282
2,0,0.02,LightGBMLarge_BAG_L1,cov_HULL_lag1,0.10438082332871497
2,0,0.02,LightGBMLarge_BAG_L1,cov_MUFL_lag1,2.411991909103062
2,0,0.02,LightGBMLarge_BAG_L1,cov_MULL_lag1,0.09639964953074057
2,0,0.02,LightGBMLarge_BAG_L1,cov_LUFL_lag1,0.27705072185179186
2,0,0.02,LightGBMLarge_BAG_L1,cov_LULL_lag1,0.06525754033157315
2,0,0.02,LightGBMLarge_BAG_L1,cov_OT_lag1,0.31117147580065513
2,0,0.02,LightGBMLarge_BAG_L1,hour_lag1,2.1042760116813883
2,0,0.02,LightGBMLarge_BAG_L1,day_of_week_lag1,0.037816860836334155
2,0,0.02,LightGBMLarge_BAG_L1,month_lag1,0.12384363484777369
2,0,0.02,LightGBMLarge_BAG_L1,month_sin,0.18472698939959875
2,0,0.02,LightGBMLarge_BAG_L1,month_cos,0.09234587507379834
2,0,0.02,LightGBMLarge_BAG_L1,year,0.21104076246194947
2,0,0.05,LightGBMLarge_BAG_L1,item_id,0.0
2,0,0.05,LightGBMLarge_BAG_L1,target_lag1,1.8077498980982336
2,0,0.05,LightGBMLarge_BAG_L1,target_lag2,0.3065678491798767
2,0,0.05,LightGBMLarge_BAG_L1,target_lag3,0.13444714448887213
2,0,0.05,LightGBMLarge_BAG_L1,target_lag4,0.11724233135460663
2,0,0.05,LightGBMLarge_BAG_L1,target_lag5,0.0769872558749048
2,0,0.05,LightGBMLarge_BAG_L1,target_lag6,0.12473369374935282
2,0,0.05,LightGBMLarge_BAG_L1,cov_HULL_lag1,0.10438082332871497
2,0,0.05,LightGBMLarge_BAG_L1,cov_MUFL_lag1,2.411991909103062
2,0,0.05,LightGBMLarge_BAG_L1,cov_MULL_lag1,0.09639964953074057
2,0,0.05,LightGBMLarge_BAG_L1,cov_LUFL_lag1,0.27705072185179186
2,0,0.05,LightGBMLarge_BAG_L1,cov_LULL_lag1,0.06525754033157315
2,0,0.05,LightGBMLarge_BAG_L1,cov_OT_lag1,0.31117147580065513
2,0,0.05,LightGBMLarge_BAG_L1,hour_lag1,2.1042760116813883
2,0,0.05,LightGBMLarge_BAG_L1,day_of_week_lag1,0.037816860836334155
2,0,0.05,LightGBMLarge_BAG_L1,month_lag1,0.12384363484777369
2,0,0.05,LightGBMLarge_BAG_L1,month_sin,0.18472698939959875
2,0,0.05,LightGBMLarge_BAG_L1,month_cos,0.09234587507379834
2,0,0.05,LightGBMLarge_BAG_L1,year,0.21104076246194947
2,0,0.1,LightGBMLarge_BAG_L1,item_id,0.0
2,0,0.1,LightGBMLarge_BAG_L1,target_lag1,1.8077498980982336
2,0,0.1,LightGBMLarge_BAG_L1,target_lag2,0.3065678491798767
2,0,0.1,LightGBMLarge_BAG_L1,target_lag3,0.13444714448887213
2,0,0.1,LightGBMLarge_BAG_L1,target_lag4,0.11724233135460663
2,0,0.1,LightGBMLarge_BAG_L1,target_lag5,0.0769872558749048
2,0,0.1,LightGBMLarge_BAG_L1,target_lag6,0.12473369374935282
2,0,0.1,LightGBMLarge_BAG_L1,cov_HULL_lag1,0.10438082332871497
2,0,0.1,LightGBMLarge_BAG_L1,cov_MUFL_lag1,2.411991909103062
2,0,0.1,LightGBMLarge_BAG_L1,cov_MULL_lag1,0.09639964953074057
2,0,0.1,LightGBMLarge_BAG_L1,cov_LUFL_lag1,0.27705072185179186
2,0,0.1,LightGBMLarge_BAG_L1,cov_LULL_lag1,0.06525754033157315
2,0,0.1,LightGBMLarge_BAG_L1,cov_OT_lag1,0.31117147580065513
2,0,0.1,LightGBMLarge_BAG_L1,hour_lag1,2.1042760116813883
2,0,0.1,LightGBMLarge_BAG_L1,day_of_week_lag1,0.037816860836334155
2,0,0.1,LightGBMLarge_BAG_L1,month_lag1,0.12384363484777369
2,0,0.1,LightGBMLarge_BAG_L1,month_sin,0.18472698939959875
2,0,0.1,LightGBMLarge_BAG_L1,month_cos,0.09234587507379834
2,0,0.1,LightGBMLarge_BAG_L1,year,0.21104076246194947
2,0,0.2,LightGBMLarge_BAG_L1,item_id,0.0
2,0,0.2,LightGBMLarge_BAG_L1,target_lag1,1.8077498980982336
2,0,0.2,LightGBMLarge_BAG_L1,target_lag2,0.3065678491798767
2,0,0.2,LightGBMLarge_BAG_L1,target_lag3,0.13444714448887213
2,0,0.2,LightGBMLarge_BAG_L1,target_lag4,0.11724233135460663
2,0,0.2,LightGBMLarge_BAG_L1,target_lag5,0.0769872558749048
2,0,0.2,LightGBMLarge_BAG_L1,target_lag6,0.12473369374935282
2,0,0.2,LightGBMLarge_BAG_L1,cov_HULL_lag1,0.10438082332871497
2,0,0.2,LightGBMLarge_BAG_L1,cov_MUFL_lag1,2.411991909103062
2,0,0.2,LightGBMLarge_BAG_L1,cov_MULL_lag1,0.09639964953074057
2,0,0.2,LightGBMLarge_BAG_L1,cov_LUFL_lag1,0.27705072185179186
2,0,0.2,LightGBMLarge_BAG_L1,cov_LULL_lag1,0.06525754033157315
2,0,0.2,LightGBMLarge_BAG_L1,cov_OT_lag1,0.31117147580065513
2,0,0.2,LightGBMLarge_BAG_L1,hour_lag1,2.1042760116813883
2,0,0.2,LightGBMLarge_BAG_L1,day_of_week_lag1,0.037816860836334155
2,0,0.2,LightGBMLarge_BAG_L1,month_lag1,0.12384363484777369
2,0,0.2,LightGBMLarge_BAG_L1,month_sin,0.18472698939959875
2,0,0.2,LightGBMLarge_BAG_L1,month_cos,0.09234587507379834
2,0,0.2,LightGBMLarge_BAG_L1,year,0.21104076246194947
2,0,0.3,LightGBMLarge_BAG_L1,item_id,0.0
2,0,0.3,LightGBMLarge_BAG_L1,target_lag1,1.8077498980982336
2,0,0.3,LightGBMLarge_BAG_L1,target_lag2,0.3065678491798767
2,0,0.3,LightGBMLarge_BAG_L1,target_lag3,0.13444714448887213
2,0,0.3,LightGBMLarge_BAG_L1,target_lag4,0.11724233135460663
2,0,0.3,LightGBMLarge_BAG_L1,target_lag5,0.0769872558749048
2,0,0.3,LightGBMLarge_BAG_L1,target_lag6,0.12473369374935282
2,0,0.3,LightGBMLarge_BAG_L1,cov_HULL_lag1,0.10438082332871497
2,0,0.3,LightGBMLarge_BAG_L1,cov_MUFL_lag1,2.411991909103062
2,0,0.3,LightGBMLarge_BAG_L1,cov_MULL_lag1,0.09639964953074057
2,0,0.3,LightGBMLarge_BAG_L1,cov_LUFL_lag1,0.27705072185179186
2,0,0.3,LightGBMLarge_BAG_L1,cov_LULL_lag1,0.06525754033157315
2,0,0.3,LightGBMLarge_BAG_L1,cov_OT_lag1,0.31117147580065513
2,0,0.3,LightGBMLarge_BAG_L1,hour_lag1,2.1042760116813883
2,0,0.3,LightGBMLarge_BAG_L1,day_of_week_lag1,0.037816860836334155
2,0,0.3,LightGBMLarge_BAG_L1,month_lag1,0.12384363484777369
2,0,0.3,LightGBMLarge_BAG_L1,month_sin,0.18472698939959875
2,0,0.3,LightGBMLarge_BAG_L1,month_cos,0.09234587507379834
2,0,0.3,LightGBMLarge_BAG_L1,year,0.21104076246194947
0,1,0.02,LightGBMLarge_BAG_L1,item_id,0.0
0,1,0.02,LightGBMLarge_BAG_L1,target_lag1,1.46982818646802
0,1,0.02,LightGBMLarge_BAG_L1,target_lag2,0.259150028183134
0,1,0.02,LightGBMLarge_BAG_L1,target_lag3,0.2212793200821764
0,1,0.02,LightGBMLarge_BAG_L1,target_lag4,0.1652390180713269
0,1,0.02,LightGBMLarge_BAG_L1,target_lag5,0.1142698489538175
0,1,0.02,LightGBMLarge_BAG_L1,target_lag6,0.12862924758754044
0,1,0.02,LightGBMLarge_BAG_L1,cov_HULL_lag1,0.047318333683278556
0,1,0.02,LightGBMLarge_BAG_L1,cov_MUFL_lag1,4.603498611030741
0,1,0.02,LightGBMLarge_BAG_L1,cov_MULL_lag1,0.0855443619953458
0,1,0.02,LightGBMLarge_BAG_L1,cov_LUFL_lag1,0.17463399288534845
0,1,0.02,LightGBMLarge_BAG_L1,cov_LULL_lag1,0.0810154758184432
0,1,0.02,LightGBMLarge_BAG_L1,cov_OT_lag1,0.34441797038899347
0,1,0.02,LightGBMLarge_BAG_L1,hour_lag1,1.3451782845382427
0,1,0.02,LightGBMLarge_BAG_L1,day_of_week_lag1,0.04103985809080279
0,1,0.02,LightGBMLarge_BAG_L1,month_lag1,0.10098984162864927
0,1,0.02,LightGBMLarge_BAG_L1,month_sin,0.04578085596344465
0,1,0.02,LightGBMLarge_BAG_L1,month_cos,0.08171945718799485
0,1,0.02,LightGBMLarge_BAG_L1,year,0.0
0,1,0.05,LightGBMLarge_BAG_L1,item_id,0.0
0,1,0.05,LightGBMLarge_BAG_L1,target_lag1,1.46982818646802
0,1,0.05,LightGBMLarge_BAG_L1,target_lag2,0.259150028183134
0,1,0.05,LightGBMLarge_BAG_L1,target_lag3,0.2212793200821764
0,1,0.05,LightGBMLarge_BAG_L1,target_lag4,0.1652390180713269
0,1,0.05,LightGBMLarge_BAG_L1,target_lag5,0.1142698489538175
0,1,0.05,LightGBMLarge_BAG_L1,target_lag6,0.12862924758754044
0,1,0.05,LightGBMLarge_BAG_L1,cov_HULL_lag1,0.047318333683278556
0,1,0.05,LightGBMLarge_BAG_L1,cov_MUFL_lag1,4.603498611030741
0,1,0.05,LightGBMLarge_BAG_L1,cov_MULL_lag1,0.0855443619953458
0,1,0.05,LightGBMLarge_BAG_L1,cov_LUFL_lag1,0.17463399288534845
0,1,0.05,LightGBMLarge_BAG_L1,cov_LULL_lag1,0.0810154758184432
0,1,0.05,LightGBMLarge_BAG_L1,cov_OT_lag1,0.34441797038899347
0,1,0.05,LightGBMLarge_BAG_L1,hour_lag1,1.3451782845382427
0,1,0.05,LightGBMLarge_BAG_L1,day_of_week_lag1,0.04103985809080279
0,1,0.05,LightGBMLarge_BAG_L1,month_lag1,0.10098984162864927
0,1,0.05,LightGBMLarge_BAG_L1,month_sin,0.04578085596344465
0,1,0.05,LightGBMLarge_BAG_L1,month_cos,0.08171945718799485
0,1,0.05,LightGBMLarge_BAG_L1,year,0.0
0,1,0.1,LightGBMLarge_BAG_L1,item_id,0.0
0,1,0.1,LightGBMLarge_BAG_L1,target_lag1,1.46982818646802
0,1,0.1,LightGBMLarge_BAG_L1,target_lag2,0.259150028183134
0,1,0.1,LightGBMLarge_BAG_L1,target_lag3,0.2212793200821764
0,1,0.1,LightGBMLarge_BAG_L1,target_lag4,0.1652390180713269
0,1,0.1,LightGBMLarge_BAG_L1,target_lag5,0.1142698489538175
0,1,0.1,LightGBMLarge_BAG_L1,target_lag6,0.12862924758754044
0,1,0.1,LightGBMLarge_BAG_L1,cov_HULL_lag1,0.047318333683278556
0,1,0.1,LightGBMLarge_BAG_L1,cov_MUFL_lag1,4.603498611030741
0,1,0.1,LightGBMLarge_BAG_L1,cov_MULL_lag1,0.0855443619953458
0,1,0.1,LightGBMLarge_BAG_L1,cov_LUFL_lag1,0.17463399288534845
0,1,0.1,LightGBMLarge_BAG_L1,cov_LULL_lag1,0.0810154758184432
0,1,0.1,LightGBMLarge_BAG_L1,cov_OT_lag1,0.34441797038899347
0,1,0.1,LightGBMLarge_BAG_L1,hour_lag1,1.3451782845382427
0,1,0.1,LightGBMLarge_BAG_L1,day_of_week_lag1,0.04103985809080279
0,1,0.1,LightGBMLarge_BAG_L1,month_lag1,0.10098984162864927
0,1,0.1,LightGBMLarge_BAG_L1,month_sin,0.04578085596344465
0,1,0.1,LightGBMLarge_BAG_L1,month_cos,0.08171945718799485
0,1,0.1,LightGBMLarge_BAG_L1,year,0.0
0,1,0.2,LightGBMLarge_BAG_L1,item_id,0.0
0,1,0.2,LightGBMLarge_BAG_L1,target_lag1,1.46982818646802
0,1,0.2,LightGBMLarge_BAG_L1,target_lag2,0.259150028183134
0,1,0.2,LightGBMLarge_BAG_L1,target_lag3,0.2212793200821764
0,1,0.2,LightGBMLarge_BAG_L1,target_lag4,0.1652390180713269
0,1,0.2,LightGBMLarge_BAG_L1,target_lag5,0.1142698489538175
0,1,0.2,LightGBMLarge_BAG_L1,target_lag6,0.12862924758754044
0,1,0.2,LightGBMLarge_BAG_L1,cov_HULL_lag1,0.047318333683278556
0,1,0.2,LightGBMLarge_BAG_L1,cov_MUFL_lag1,4.603498611030741
0,1,0.2,LightGBMLarge_BAG_L1,cov_MULL_lag1,0.0855443619953458
0,1,0.2,LightGBMLarge_BAG_L1,cov_LUFL_lag1,0.17463399288534845
0,1,0.2,LightGBMLarge_BAG_L1,cov_LULL_lag1,0.0810154758184432
0,1,0.2,LightGBMLarge_BAG_L1,cov_OT_lag1,0.34441797038899347
0,1,0.2,LightGBMLarge_BAG_L1,hour_lag1,1.3451782845382427
0,1,0.2,LightGBMLarge_BAG_L1,day_of_week_lag1,0.04103985809080279
0,1,0.2,LightGBMLarge_BAG_L1,month_lag1,0.10098984162864927
0,1,0.2,LightGBMLarge_BAG_L1,month_sin,0.04578085596344465
0,1,0.2,LightGBMLarge_BAG_L1,month_cos,0.08171945718799485
0,1,0.2,LightGBMLarge_BAG_L1,year,0.0
0,1,0.3,LightGBMLarge_BAG_L1,item_id,0.0
0,1,0.3,LightGBMLarge_BAG_L1,target_lag1,1.46982818646802
0,1,0.3,LightGBMLarge_BAG_L1,target_lag2,0.259150028183134
0,1,0.3,LightGBMLarge_BAG_L1,target_lag3,0.2212793200821764
0,1,0.3,LightGBMLarge_BAG_L1,target_lag4,0.1652390180713269
0,1,0.3,LightGBMLarge_BAG_L1,target_lag5,0.1142698489538175
0,1,0.3,LightGBMLarge_BAG_L1,target_lag6,0.12862924758754044
0,1,0.3,LightGBMLarge_BAG_L1,cov_HULL_lag1,0.047318333683278556
0,1,0.3,LightGBMLarge_BAG_L1,cov_MUFL_lag1,4.603498611030741
0,1,0.3,LightGBMLarge_BAG_L1,cov_MULL_lag1,0.0855443619953458
0,1,0.3,LightGBMLarge_BAG_L1,cov_LUFL_lag1,0.17463399288534845
0,1,0.3,LightGBMLarge_BAG_L1,cov_LULL_lag1,0.0810154758184432
0,1,0.3,LightGBMLarge_BAG_L1,cov_OT_lag1,0.34441797038899347
0,1,0.3,LightGBMLarge_BAG_L1,hour_lag1,1.3451782845382427
0,1,0.3,LightGBMLarge_BAG_L1,day_of_week_lag1,0.04103985809080279
0,1,0.3,LightGBMLarge_BAG_L1,month_lag1,0.10098984162864927
0,1,0.3,LightGBMLarge_BAG_L1,month_sin,0.04578085596344465
0,1,0.3,LightGBMLarge_BAG_L1,month_cos,0.08171945718799485
0,1,0.3,LightGBMLarge_BAG_L1,year,0.0
1,1,0.02,LightGBMLarge_BAG_L1,item_id,0.0
1,1,0.02,LightGBMLarge_BAG_L1,target_lag1,1.8558389430142297
1,1,0.02,LightGBMLarge_BAG_L1,target_lag2,0.33802316681808575
1,1,0.02,LightGBMLarge_BAG_L1,target_lag3,0.16622929742974946
1,1,0.02,LightGBMLarge_BAG_L1,target_lag4,0.1919438053262187
1,1,0.02,LightGBMLarge_BAG_L1,target_lag5,0.06143229973365983
1,1,0.02,LightGBMLarge_BAG_L1,target_lag6,0.11154996536116542
1,1,0.02,LightGBMLarge_BAG_L1,cov_HULL_lag1,0.09252983670686729
1,1,0.02,LightGBMLarge_BAG_L1,cov_MUFL_lag1,2.1060857849477252
1,1,0.02,LightGBMLarge_BAG_L1,cov_MULL_lag1,0.1033992661595201
1,1,0.02,LightGBMLarge_BAG_L1,cov_LUFL_lag1,0.17568197462174934
1,1,0.02,LightGBMLarge_BAG_L1,cov_LULL_lag1,0.0633563680451614
1,1,0.02,LightGBMLarge_BAG_L1,cov_OT_lag1,0.20456266483337118
1,1,0.02,LightGBMLarge_BAG_L1,hour_lag1,1.4286719444460123
1,1,0.02,LightGBMLarge_BAG_L1,day_of_week_lag1,0.0336355651930691
1,1,0.02,LightGBMLarge_BAG_L1,month_lag1,0.1851620171573693
1,1,0.02,LightGBMLarge_BAG_L1,month_sin,0.1826581815339267
1,1,0.02,LightGBMLarge_BAG_L1,month_cos,0.081678027011798
1,1,0.02,LightGBMLarge_BAG_L1,year,0.2616544890688661
1,1,0.05,LightGBMLarge_BAG_L1,item_id,0.0
1,1,0.05,LightGBMLarge_BAG_L1,target_lag1,1.8558389430142297
1,1,0.05,LightGBMLarge_BAG_L1,target_lag2,0.33802316681808575
1,1,0.05,LightGBMLarge_BAG_L1,target_lag3,0.16622929742974946
1,1,0.05,LightGBMLarge_BAG_L1,target_lag4,0.1919438053262187
1,1,0.05,LightGBMLarge_BAG_L1,target_lag5,0.06143229973365983
1,1,0.05,LightGBMLarge_BAG_L1,target_lag6,0.11154996536116542
1,1,0.05,LightGBMLarge_BAG_L1,cov_HULL_lag1,0.09252983670686729
1,1,0.05,LightGBMLarge_BAG_L1,cov_MUFL_lag1,2.1060857849477252
1,1,0.05,LightGBMLarge_BAG_L1,cov_MULL_lag1,0.1033992661595201
1,1,0.05,LightGBMLarge_BAG_L1,cov_LUFL_lag1,0.17568197462174934
1,1,0.05,LightGBMLarge_BAG_L1,cov_LULL_lag1,0.0633563680451614
1,1,0.05,LightGBMLarge_BAG_L1,cov_OT_lag1,0.20456266483337118
1,1,0.05,LightGBMLarge_BAG_L1,hour_lag1,1.4286719444460123
1,1,0.05,LightGBMLarge_BAG_L1,day_of_week_lag1,0.0336355651930691
1,1,0.05,LightGBMLarge_BAG_L1,month_lag1,0.1851620171573693
1,1,0.05,LightGBMLarge_BAG_L1,month_sin,0.1826581815339267
1,1,0.05,LightGBMLarge_BAG_L1,month_cos,0.081678027011798
1,1,0.05,LightGBMLarge_BAG_L1,year,0.2616544890688661
1,1,0.1,LightGBMLarge_BAG_L1,item_id,0.0
1,1,0.1,LightGBMLarge_BAG_L1,target_lag1,1.8558389430142297
1,1,0.1,LightGBMLarge_BAG_L1,target_lag2,0.33802316681808575
1,1,0.1,LightGBMLarge_BAG_L1,target_lag3,0.16622929742974946
1,1,0.1,LightGBMLarge_BAG_L1,target_lag4,0.1919438053262187
1,1,0.1,LightGBMLarge_BAG_L1,target_lag5,0.06143229973365983
1,1,0.1,LightGBMLarge_BAG_L1,target_lag6,0.11154996536116542
1,1,0.1,LightGBMLarge_BAG_L1,cov_HULL_lag1,0.09252983670686729
1,1,0.1,LightGBMLarge_BAG_L1,cov_MUFL_lag1,2.1060857849477252
1,1,0.1,LightGBMLarge_BAG_L1,cov_MULL_lag1,0.1033992661595201
1,1,0.1,LightGBMLarge_BAG_L1,cov_LUFL_lag1,0.17568197462174934
1,1,0.1,LightGBMLarge_BAG_L1,cov_LULL_lag1,0.0633563680451614
1,1,0.1,LightGBMLarge_BAG_L1,cov_OT_lag1,0.20456266483337118
1,1,0.1,LightGBMLarge_BAG_L1,hour_lag1,1.4286719444460123
1,1,0.1,LightGBMLarge_BAG_L1,day_of_week_lag1,0.0336355651930691
1,1,0.1,LightGBMLarge_BAG_L1,month_lag1,0.1851620171573693
1,1,0.1,LightGBMLarge_BAG_L1,month_sin,0.1826581815339267
1,1,0.1,LightGBMLarge_BAG_L1,month_cos,0.081678027011798
1,1,0.1,LightGBMLarge_BAG_L1,year,0.2616544890688661
1,1,0.2,LightGBMLarge_BAG_L1,item_id,0.0
1,1,0.2,LightGBMLarge_BAG_L1,target_lag1,1.8558389430142297
1,1,0.2,LightGBMLarge_BAG_L1,target_lag2,0.33802316681808575
1,1,0.2,LightGBMLarge_BAG_L1,target_lag3,0.16622929742974946
1,1,0.2,LightGBMLarge_BAG_L1,target_lag4,0.1919438053262187
1,1,0.2,LightGBMLarge_BAG_L1,target_lag5,0.06143229973365983
1,1,0.2,LightGBMLarge_BAG_L1,target_lag6,0.11154996536116542
1,1,0.2,LightGBMLarge_BAG_L1,cov_HULL_lag1,0.09252983670686729
1,1,0.2,LightGBMLarge_BAG_L1,cov_MUFL_lag1,2.1060857849477252
1,1,0.2,LightGBMLarge_BAG_L1,cov_MULL_lag1,0.1033992661595201
1,1,0.2,LightGBMLarge_BAG_L1,cov_LUFL_lag1,0.17568197462174934
1,1,0.2,LightGBMLarge_BAG_L1,cov_LULL_lag1,0.0633563680451614
1,1,0.2,LightGBMLarge_BAG_L1,cov_OT_lag1,0.20456266483337118
1,1,0.2,LightGBMLarge_BAG_L1,hour_lag1,1.4286719444460123
1,1,0.2,LightGBMLarge_BAG_L1,day_of_week_lag1,0.0336355651930691
1,1,0.2,LightGBMLarge_BAG_L1,month_lag1,0.1851620171573693
1,1,0.2,LightGBMLarge_BAG_L1,month_sin,0.1826581815339267
1,1,0.2,LightGBMLarge_BAG_L1,month_cos,0.081678027011798
1,1,0.2,LightGBMLarge_BAG_L1,year,0.2616544890688661
1,1,0.3,LightGBMLarge_BAG_L1,item_id,0.0
1,1,0.3,LightGBMLarge_BAG_L1,target_lag1,1.8558389430142297
1,1,0.3,LightGBMLarge_BAG_L1,target_lag2,0.33802316681808575
1,1,0.3,LightGBMLarge_BAG_L1,target_lag3,0.16622929742974946
1,1,0.3,LightGBMLarge_BAG_L1,target_lag4,0.1919438053262187
1,1,0.3,LightGBMLarge_BAG_L1,target_lag5,0.06143229973365983
1,1,0.3,LightGBMLarge_BAG_L1,target_lag6,0.11154996536116542
1,1,0.3,LightGBMLarge_BAG_L1,cov_HULL_lag1,0.09252983670686729
1,1,0.3,LightGBMLarge_BAG_L1,cov_MUFL_lag1,2.1060857849477252
1,1,0.3,LightGBMLarge_BAG_L1,cov_MULL_lag1,0.1033992661595201
1,1,0.3,LightGBMLarge_BAG_L1,cov_LUFL_lag1,0.17568197462174934
1,1,0.3,LightGBMLarge_BAG_L1,cov_LULL_lag1,0.0633563680451614
1,1,0.3,LightGBMLarge_BAG_L1,cov_OT_lag1,0.20456266483337118
1,1,0.3,LightGBMLarge_BAG_L1,hour_lag1,1.4286719444460123
1,1,0.3,LightGBMLarge_BAG_L1,day_of_week_lag1,0.0336355651930691
1,1,0.3,LightGBMLarge_BAG_L1,month_lag1,0.1851620171573693
1,1,0.3,LightGBMLarge_BAG_L1,month_sin,0.1826581815339267
1,1,0.3,LightGBMLarge_BAG_L1,month_cos,0.081678027011798
1,1,0.3,LightGBMLarge_BAG_L1,year,0.2616544890688661
2,1,0.02,LightGBMLarge_BAG_L1,item_id,0.0
2,1,0.02,LightGBMLarge_BAG_L1,target_lag1,1.7978226476180255
2,1,0.02,LightGBMLarge_BAG_L1,target_lag2,0.31560395923583906
2,1,0.02,LightGBMLarge_BAG_L1,target_lag3,0.13350810462417653
2,1,0.02,LightGBMLarge_BAG_L1,target_lag4,0.11013613936625816
2,1,0.02,LightGBMLarge_BAG_L1,target_lag5,0.07640756574987899
2,1,0.02,LightGBMLarge_BAG_L1,target_lag6,0.1237761569563299
2,1,0.02,LightGBMLarge_BAG_L1,cov_HULL_lag1,0.1060065329295942
2,1,0.02,LightGBMLarge_BAG_L1,cov_MUFL_lag1,2.411059871456126
2,1,0.02,LightGBMLarge_BAG_L1,cov_MULL_lag1,0.0972103616282214
2,1,0.02,LightGBMLarge_BAG_L1,cov_LUFL_lag1,0.27434328847935135
2,1,0.02,LightGBMLarge_BAG_L1,cov_LULL_lag1,0.0646627734854083
2,1,0.02,LightGBMLarge_BAG_L1,cov_OT_lag1,0.30054181286881454
2,1,0.02,LightGBMLarge_BAG_L1,hour_lag1,2.108177870566649
2,1,0.02,LightGBMLarge_BAG_L1,day_of_week_lag1,0.0374993639707637
2,1,0.02,LightGBMLarge_BAG_L1,month_lag1,0.12946905351056215
2,1,0.02,LightGBMLarge_BAG_L1,month_sin,0.1724384356100041
2,1,0.02,LightGBMLarge_BAG_L1,month_cos,0.09069172155190298
2,1,0.02,LightGBMLarge_BAG_L1,year,0.22126135317476897
2,1,0.05,LightGBMLarge_BAG_L1,item_id,0.0
2,1,0.05,LightGBMLarge_BAG_L1,target_lag1,1.7978226476180255
2,1,0.05,LightGBMLarge_BAG_L1,target_lag2,0.31560395923583906
2,1,0.05,LightGBMLarge_BAG_L1,target_lag3,0.13350810462417653
2,1,0.05,LightGBMLarge_BAG_L1,target_lag4,0.11013613936625816
2,1,0.05,LightGBMLarge_BAG_L1,target_lag5,0.07640756574987899
2,1,0.05,LightGBMLarge_BAG_L1,target_lag6,0.1237761569563299
2,1,0.05,LightGBMLarge_BAG_L1,cov_HULL_lag1,0.1060065329295942
2,1,0.05,LightGBMLarge_BAG_L1,cov_MUFL_lag1,2.411059871456126
2,1,0.05,LightGBMLarge_BAG_L1,cov_MULL_lag1,0.0972103616282214
2,1,0.05,LightGBMLarge_BAG_L1,cov_LUFL_lag1,0.27434328847935135
2,1,0.05,LightGBMLarge_BAG_L1,cov_LULL_lag1,0.0646627734854083
2,1,0.05,LightGBMLarge_BAG_L1,cov_OT_lag1,0.30054181286881454
2,1,0.05,LightGBMLarge_BAG_L1,hour_lag1,2.108177870566649
2,1,0.05,LightGBMLarge_BAG_L1,day_of_week_lag1,0.0374993639707637
2,1,0.05,LightGBMLarge_BAG_L1,month_lag1,0.12946905351056215
2,1,0.05,LightGBMLarge_BAG_L1,month_sin,0.1724384356100041
2,1,0.05,LightGBMLarge_BAG_L1,month_cos,0.09069172155190298
2,1,0.05,LightGBMLarge_BAG_L1,year,0.22126135317476897
2,1,0.1,LightGBMLarge_BAG_L1,item_id,0.0
2,1,0.1,LightGBMLarge_BAG_L1,target_lag1,1.7978226476180255
2,1,0.1,LightGBMLarge_BAG_L1,target_lag2,0.31560395923583906
2,1,0.1,LightGBMLarge_BAG_L1,target_lag3,0.13350810462417653
2,1,0.1,LightGBMLarge_BAG_L1,target_lag4,0.11013613936625816
2,1,0.1,LightGBMLarge_BAG_L1,target_lag5,0.07640756574987899
2,1,0.1,LightGBMLarge_BAG_L1,target_lag6,0.1237761569563299
2,1,0.1,LightGBMLarge_BAG_L1,cov_HULL_lag1,0.1060065329295942
2,1,0.1,LightGBMLarge_BAG_L1,cov_MUFL_lag1,2.411059871456126
2,1,0.1,LightGBMLarge_BAG_L1,cov_MULL_lag1,0.0972103616282214
2,1,0.1,LightGBMLarge_BAG_L1,cov_LUFL_lag1,0.27434328847935135
2,1,0.1,LightGBMLarge_BAG_L1,cov_LULL_lag1,0.0646627734854083
2,1,0.1,LightGBMLarge_BAG_L1,cov_OT_lag1,0.30054181286881454
2,1,0.1,LightGBMLarge_BAG_L1,hour_lag1,2.108177870566649
2,1,0.1,LightGBMLarge_BAG_L1,day_of_week_lag1,0.0374993639707637
2,1,0.1,LightGBMLarge_BAG_L1,month_lag1,0.12946905351056215
2,1,0.1,LightGBMLarge_BAG_L1,month_sin,0.1724384356100041
2,1,0.1,LightGBMLarge_BAG_L1,month_cos,0.09069172155190298
2,1,0.1,LightGBMLarge_BAG_L1,year,0.22126135317476897
2,1,0.2,LightGBMLarge_BAG_L1,item_id,0.0
2,1,0.2,LightGBMLarge_BAG_L1,target_lag1,1.7978226476180255
2,1,0.2,LightGBMLarge_BAG_L1,target_lag2,0.31560395923583906
2,1,0.2,LightGBMLarge_BAG_L1,target_lag3,0.13350810462417653
2,1,0.2,LightGBMLarge_BAG_L1,target_lag4,0.11013613936625816
2,1,0.2,LightGBMLarge_BAG_L1,target_lag5,0.07640756574987899
2,1,0.2,LightGBMLarge_BAG_L1,target_lag6,0.1237761569563299
2,1,0.2,LightGBMLarge_BAG_L1,cov_HULL_lag1,0.1060065329295942
2,1,0.2,LightGBMLarge_BAG_L1,cov_MUFL_lag1,2.411059871456126
2,1,0.2,LightGBMLarge_BAG_L1,cov_MULL_lag1,0.0972103616282214
2,1,0.2,LightGBMLarge_BAG_L1,cov_LUFL_lag1,0.27434328847935135
2,1,0.2,LightGBMLarge_BAG_L1,cov_LULL_lag1,0.0646627734854083
2,1,0.2,LightGBMLarge_BAG_L1,cov_OT_lag1,0.30054181286881454
2,1,0.2,LightGBMLarge_BAG_L1,hour_lag1,2.108177870566649
2,1,0.2,LightGBMLarge_BAG_L1,day_of_week_lag1,0.0374993639707637
2,1,0.2,LightGBMLarge_BAG_L1,month_lag1,0.12946905351056215
2,1,0.2,LightGBMLarge_BAG_L1,month_sin,0.1724384356100041
2,1,0.2,LightGBMLarge_BAG_L1,month_cos,0.09069172155190298
2,1,0.2,LightGBMLarge_BAG_L1,year,0.22126135317476897
2,1,0.3,LightGBMLarge_BAG_L1,item_id,0.0
2,1,0.3,LightGBMLarge_BAG_L1,target_lag1,1.7978226476180255
2,1,0.3,LightGBMLarge_BAG_L1,target_lag2,0.31560395923583906
2,1,0.3,LightGBMLarge_BAG_L1,target_lag3,0.13350810462417653
2,1,0.3,LightGBMLarge_BAG_L1,target_lag4,0.11013613936625816
2,1,0.3,LightGBMLarge_BAG_L1,target_lag5,0.07640756574987899
2,1,0.3,LightGBMLarge_BAG_L1,target_lag6,0.1237761569563299
2,1,0.3,LightGBMLarge_BAG_L1,cov_HULL_lag1,0.1060065329295942
2,1,0.3,LightGBMLarge_BAG_L1,cov_MUFL_lag1,2.411059871456126
2,1,0.3,LightGBMLarge_BAG_L1,cov_MULL_lag1,0.0972103616282214
2,1,0.3,LightGBMLarge_BAG_L1,cov_LUFL_lag1,0.27434328847935135
2,1,0.3,LightGBMLarge_BAG_L1,cov_LULL_lag1,0.0646627734854083
2,1,0.3,LightGBMLarge_BAG_L1,cov_OT_lag1,0.30054181286881454
2,1,0.3,LightGBMLarge_BAG_L1,hour_lag1,2.108177870566649
2,1,0.3,LightGBMLarge_BAG_L1,day_of_week_lag1,0.0374993639707637
2,1,0.3,LightGBMLarge_BAG_L1,month_lag1,0.12946905351056215
2,1,0.3,LightGBMLarge_BAG_L1,month_sin,0.1724384356100041
2,1,0.3,LightGBMLarge_BAG_L1,month_cos,0.09069172155190298
2,1,0.3,LightGBMLarge_BAG_L1,year,0.22126135317476897
0,2,0.02,LightGBMLarge_BAG_L1,item_id,0.0
0,2,0.02,LightGBMLarge_BAG_L1,target_lag1,1.4676163239628948
0,2,0.02,LightGBMLarge_BAG_L1,target_lag2,0.2540084344480113
0,2,0.02,LightGBMLarge_BAG_L1,target_lag3,0.23641292062355912
0,2,0.02,LightGBMLarge_BAG_L1,target_lag4,0.16476560618397013
0,2,0.02,LightGBMLarge_BAG_L1,target_lag5,0.11140997525985905
0,2,0.02,LightGBMLarge_BAG_L1,target_lag6,0.12963051102666714
0,2,0.02,LightGBMLarge_BAG_L1,cov_HULL_lag1,0.051145183271048375
0,2,0.02,LightGBMLarge_BAG_L1,cov_MUFL_lag1,4.595161502156451
0,2,0.02,LightGBMLarge_BAG_L1,cov_MULL_lag1,0.08468389211783586
0,2,0.02,LightGBMLarge_BAG_L1,cov_LUFL_lag1,0.17103128455412006
0,2,0.02,LightGBMLarge_BAG_L1,cov_LULL_lag1,0.08031648058816251
0,2,0.02,LightGBMLarge_BAG_L1,cov_OT_lag1,0.34012648096936304
0,2,0.02,LightGBMLarge_BAG_L1,hour_lag1,1.3166489858382284
0,2,0.02,LightGBMLarge_BAG_L1,day_of_week_lag1,0.040369751603403004
0,2,0.02,LightGBMLarge_BAG_L1,month_lag1,0.09675450431791002
0,2,0.02,LightGBMLarge_BAG_L1,month_sin,0.04480747708057739
0,2,0.02,LightGBMLarge_BAG_L1,month_cos,0.08206210229343258
0,2,0.02,LightGBMLarge_BAG_L1,year,0.0
0,2,0.05,LightGBMLarge_BAG_L1,item_id,0.0
0,2,0.05,LightGBMLarge_BAG_L1,target_lag1,1.4676163239628948
0,2,0.05,LightGBMLarge_BAG_L1,target_lag2,0.2540084344480113
0,2,0.05,LightGBMLarge_BAG_L1,target_lag3,0.23641292062355912
0,2,0.05,LightGBMLarge_BAG_L1,target_lag4,0.16476560618397013
0,2,0.05,LightGBMLarge_BAG_L1,target_lag5,0.11140997525985905
0,2,0.05,LightGBMLarge_BAG_L1,target_lag6,0.12963051102666714
0,2,0.05,LightGBMLarge_BAG_L1,cov_HULL_lag1,0.051145183271048375
0,2,0.05,LightGBMLarge_BAG_L1,cov_MUFL_lag1,4.595161502156451
0,2,0.05,LightGBMLarge_BAG_L1,cov_MULL_lag1,0.08468389211783586
0,2,0.05,LightGBMLarge_BAG_L1,cov_LUFL_lag1,0.17103128455412006
0,2,0.05,LightGBMLarge_BAG_L1,cov_LULL_lag1,0.08031648058816251
0,2,0.05,LightGBMLarge_BAG_L1,cov_OT_lag1,0.34012648096936304
0,2,0.05,LightGBMLarge_BAG_L1,hour_lag1,1.3166489858382284
0,2,0.05,LightGBMLarge_BAG_L1,day_of_week_lag1,0.040369751603403004
0,2,0.05,LightGBMLarge_BAG_L1,month_lag1,0.09675450431791002
0,2,0.05,LightGBMLarge_BAG_L1,month_sin,0.04480747708057739
0,2,0.05,LightGBMLarge_BAG_L1,month_cos,0.08206210229343258
0,2,0.05,LightGBMLarge_BAG_L1,year,0.0
0,2,0.1,LightGBMLarge_BAG_L1,item_id,0.0
0,2,0.1,LightGBMLarge_BAG_L1,target_lag1,1.4676163239628948
0,2,0.1,LightGBMLarge_BAG_L1,target_lag2,0.2540084344480113
0,2,0.1,LightGBMLarge_BAG_L1,target_lag3,0.23641292062355912
0,2,0.1,LightGBMLarge_BAG_L1,target_lag4,0.16476560618397013
0,2,0.1,LightGBMLarge_BAG_L1,target_lag5,0.11140997525985905
0,2,0.1,LightGBMLarge_BAG_L1,target_lag6,0.12963051102666714
0,2,0.1,LightGBMLarge_BAG_L1,cov_HULL_lag1,0.051145183271048375
0,2,0.1,LightGBMLarge_BAG_L1,cov_MUFL_lag1,4.595161502156451
0,2,0.1,LightGBMLarge_BAG_L1,cov_MULL_lag1,0.08468389211783586
0,2,0.1,LightGBMLarge_BAG_L1,cov_LUFL_lag1,0.17103128455412006
0,2,0.1,LightGBMLarge_BAG_L1,cov_LULL_lag1,0.08031648058816251
0,2,0.1,LightGBMLarge_BAG_L1,cov_OT_lag1,0.34012648096936304
0,2,0.1,LightGBMLarge_BAG_L1,hour_lag1,1.3166489858382284
0,2,0.1,LightGBMLarge_BAG_L1,day_of_week_lag1,0.040369751603403004
0,2,0.1,LightGBMLarge_BAG_L1,month_lag1,0.09675450431791002
0,2,0.1,LightGBMLarge_BAG_L1,month_sin,0.04480747708057739
0,2,0.1,LightGBMLarge_BAG_L1,month_cos,0.08206210229343258
0,2,0.1,LightGBMLarge_BAG_L1,year,0.0
0,2,0.2,LightGBMLarge_BAG_L1,item_id,0.0
0,2,0.2,LightGBMLarge_BAG_L1,target_lag1,1.4676163239628948
0,2,0.2,LightGBMLarge_BAG_L1,target_lag2,0.2540084344480113
0,2,0.2,LightGBMLarge_BAG_L1,target_lag3,0.23641292062355912
0,2,0.2,LightGBMLarge_BAG_L1,target_lag4,0.16476560618397013
0,2,0.2,LightGBMLarge_BAG_L1,target_lag5,0.11140997525985905
0,2,0.2,LightGBMLarge_BAG_L1,target_lag6,0.12963051102666714
0,2,0.2,LightGBMLarge_BAG_L1,cov_HULL_lag1,0.051145183271048375
0,2,0.2,LightGBMLarge_BAG_L1,cov_MUFL_lag1,4.595161502156451
0,2,0.2,LightGBMLarge_BAG_L1,cov_MULL_lag1,0.08468389211783586
0,2,0.2,LightGBMLarge_BAG_L1,cov_LUFL_lag1,0.17103128455412006
0,2,0.2,LightGBMLarge_BAG_L1,cov_LULL_lag1,0.08031648058816251
0,2,0.2,LightGBMLarge_BAG_L1,cov_OT_lag1,0.34012648096936304
0,2,0.2,LightGBMLarge_BAG_L1,hour_lag1,1.3166489858382284
0,2,0.2,LightGBMLarge_BAG_L1,day_of_week_lag1,0.040369751603403004
0,2,0.2,LightGBMLarge_BAG_L1,month_lag1,0.09675450431791002
0,2,0.2,LightGBMLarge_BAG_L1,month_sin,0.04480747708057739
0,2,0.2,LightGBMLarge_BAG_L1,month_cos,0.08206210229343258
0,2,0.2,LightGBMLarge_BAG_L1,year,0.0
0,2,0.3,LightGBMLarge_BAG_L1,item_id,0.0
0,2,0.3,LightGBMLarge_BAG_L1,target_lag1,1.4676163239628948
0,2,0.3,LightGBMLarge_BAG_L1,target_lag2,0.2540084344480113
0,2,0.3,LightGBMLarge_BAG_L1,target_lag3,0.23641292062355912
0,2,0.3,LightGBMLarge_BAG_L1,target_lag4,0.16476560618397013
0,2,0.3,LightGBMLarge_BAG_L1,target_lag5,0.11140997525985905
0,2,0.3,LightGBMLarge_BAG_L1,target_lag6,0.12963051102666714
0,2,0.3,LightGBMLarge_BAG_L1,cov_HULL_lag1,0.051145183271048375
0,2,0.3,LightGBMLarge_BAG_L1,cov_MUFL_lag1,4.595161502156451
0,2,0.3,LightGBMLarge_BAG_L1,cov_MULL_lag1,0.08468389211783586
0,2,0.3,LightGBMLarge_BAG_L1,cov_LUFL_lag1,0.17103128455412006
0,2,0.3,LightGBMLarge_BAG_L1,cov_LULL_lag1,0.08031648058816251
0,2,0.3,LightGBMLarge_BAG_L1,cov_OT_lag1,0.34012648096936304
0,2,0.3,LightGBMLarge_BAG_L1,hour_lag1,1.3166489858382284
0,2,0.3,LightGBMLarge_BAG_L1,day_of_week_lag1,0.040369751603403004
0,2,0.3,LightGBMLarge_BAG_L1,month_lag1,0.09675450431791002
0,2,0.3,LightGBMLarge_BAG_L1,month_sin,0.04480747708057739
0,2,0.3,LightGBMLarge_BAG_L1,month_cos,0.08206210229343258
0,2,0.3,LightGBMLarge_BAG_L1,year,0.0
1,2,0.02,LightGBMLarge_BAG_L1,item_id,0.0
1,2,0.02,LightGBMLarge_BAG_L1,target_lag1,1.8667886220084722
1,2,0.02,LightGBMLarge_BAG_L1,target_lag2,0.32687468129501035
1,2,0.02,LightGBMLarge_BAG_L1,target_lag3,0.15721127952523176
1,2,0.02,LightGBMLarge_BAG_L1,target_lag4,0.1887370272398675
1,2,0.02,LightGBMLarge_BAG_L1,target_lag5,0.060580715553928195
1,2,0.02,LightGBMLarge_BAG_L1,target_lag6,0.11207292072381461
1,2,0.02,LightGBMLarge_BAG_L1,cov_HULL_lag1,0.08922352457302983
1,2,0.02,LightGBMLarge_BAG_L1,cov_MUFL_lag1,2.1066806519054397
1,2,0.02,LightGBMLarge_BAG_L1,cov_MULL_lag1,0.10773275852919588
1,2,0.02,LightGBMLarge_BAG_L1,cov_LUFL_lag1,0.1749861841708529
1,2,0.02,LightGBMLarge_BAG_L1,cov_LULL_lag1,0.06274360570822522
1,2,0.02,LightGBMLarge_BAG_L1,cov_OT_lag1,0.20756195569406968
1,2,0.02,LightGBMLarge_BAG_L1,hour_lag1,1.4406542319685098
1,2,0.02,LightGBMLarge_BAG_L1,day_of_week_lag1,0.03353909083858959
1,2,0.02,LightGBMLarge_BAG_L1,month_lag1,0.18691611002440955
1,2,0.02,LightGBMLarge_BAG_L1,month_sin,0.17798701549058496
1,2,0.02,LightGBMLarge_BAG_L1,month_cos,0.08018927040476215
1,2,0.02,LightGBMLarge_BAG_L1,year,0.2600148035932188
1,2,0.05,LightGBMLarge_BAG_L1,item_id,0.0
1,2,0.05,LightGBMLarge_BAG_L1,target_lag1,1.8667886220084722
1,2,0.05,LightGBMLarge_BAG_L1,target_lag2,0.32687468129501035
1,2,0.05,LightGBMLarge_BAG_L1,target_lag3,0.15721127952523176
1,2,0.05,LightGBMLarge_BAG_L1,target_lag4,0.1887370272398675
1,2,0.05,LightGBMLarge_BAG_L1,target_lag5,0.060580715553928195
1,2,0.05,LightGBMLarge_BAG_L1,target_lag6,0.11207292072381461
1,2,0.05,LightGBMLarge_BAG_L1,cov_HULL_lag1,0.08922352457302983
1,2,0.05,LightGBMLarge_BAG_L1,cov_MUFL_lag1,2.1066806519054397
1,2,0.05,LightGBMLarge_BAG_L1,cov_MULL_lag1,0.10773275852919588
1,2,0.05,LightGBMLarge_BAG_L1,cov_LUFL_lag1,0.1749861841708529
1,2,0.05,LightGBMLarge_BAG_L1,cov_LULL_lag1,0.06274360570822522
1,2,0.05,LightGBMLarge_BAG_L1,cov_OT_lag1,0.20756195569406968
1,2,0.05,LightGBMLarge_BAG_L1,hour_lag1,1.4406542319685098
1,2,0.05,LightGBMLarge_BAG_L1,day_of_week_lag1,0.03353909083858959
1,2,0.05,LightGBMLarge_BAG_L1,month_lag1,0.18691611002440955
1,2,0.05,LightGBMLarge_BAG_L1,month_sin,0.17798701549058496
1,2,0.05,LightGBMLarge_BAG_L1,month_cos,0.08018927040476215
1,2,0.05,LightGBMLarge_BAG_L1,year,0.2600148035932188
1,2,0.1,LightGBMLarge_BAG_L1,item_id,0.0
1,2,0.1,LightGBMLarge_BAG_L1,target_lag1,1.8667886220084722
1,2,0.1,LightGBMLarge_BAG_L1,target_lag2,0.32687468129501035
1,2,0.1,LightGBMLarge_BAG_L1,target_lag3,0.15721127952523176
1,2,0.1,LightGBMLarge_BAG_L1,target_lag4,0.1887370272398675
1,2,0.1,LightGBMLarge_BAG_L1,target_lag5,0.060580715553928195
1,2,0.1,LightGBMLarge_BAG_L1,target_lag6,0.11207292072381461
1,2,0.1,LightGBMLarge_BAG_L1,cov_HULL_lag1,0.08922352457302983
1,2,0.1,LightGBMLarge_BAG_L1,cov_MUFL_lag1,2.1066806519054397
1,2,0.1,LightGBMLarge_BAG_L1,cov_MULL_lag1,0.10773275852919588
1,2,0.1,LightGBMLarge_BAG_L1,cov_LUFL_lag1,0.1749861841708529
1,2,0.1,LightGBMLarge_BAG_L1,cov_LULL_lag1,0.06274360570822522
1,2,0.1,LightGBMLarge_BAG_L1,cov_OT_lag1,0.20756195569406968
1,2,0.1,LightGBMLarge_BAG_L1,hour_lag1,1.4406542319685098
1,2,0.1,LightGBMLarge_BAG_L1,day_of_week_lag1,0.03353909083858959
1,2,0.1,LightGBMLarge_BAG_L1,month_lag1,0.18691611002440955
1,2,0.1,LightGBMLarge_BAG_L1,month_sin,0.17798701549058496
1,2,0.1,LightGBMLarge_BAG_L1,month_cos,0.08018927040476215
1,2,0.1,LightGBMLarge_BAG_L1,year,0.2600148035932188
1,2,0.2,LightGBMLarge_BAG_L1,item_id,0.0
1,2,0.2,LightGBMLarge_BAG_L1,target_lag1,1.8667886220084722
1,2,0.2,LightGBMLarge_BAG_L1,target_lag2,0.32687468129501035
1,2,0.2,LightGBMLarge_BAG_L1,target_lag3,0.15721127952523176
1,2,0.2,LightGBMLarge_BAG_L1,target_lag4,0.1887370272398675
1,2,0.2,LightGBMLarge_BAG_L1,target_lag5,0.060580715553928195
1,2,0.2,LightGBMLarge_BAG_L1,target_lag6,0.11207292072381461
1,2,0.2,LightGBMLarge_BAG_L1,cov_HULL_lag1,0.08922352457302983
1,2,0.2,LightGBMLarge_BAG_L1,cov_MUFL_lag1,2.1066806519054397
1,2,0.2,LightGBMLarge_BAG_L1,cov_MULL_lag1,0.10773275852919588
1,2,0.2,LightGBMLarge_BAG_L1,cov_LUFL_lag1,0.1749861841708529
1,2,0.2,LightGBMLarge_BAG_L1,cov_LULL_lag1,0.06274360570822522
1,2,0.2,LightGBMLarge_BAG_L1,cov_OT_lag1,0.20756195569406968
1,2,0.2,LightGBMLarge_BAG_L1,hour_lag1,1.4406542319685098
1,2,0.2,LightGBMLarge_BAG_L1,day_of_week_lag1,0.03353909083858959
1,2,0.2,LightGBMLarge_BAG_L1,month_lag1,0.18691611002440955
1,2,0.2,LightGBMLarge_BAG_L1,month_sin,0.17798701549058496
1,2,0.2,LightGBMLarge_BAG_L1,month_cos,0.08018927040476215
1,2,0.2,LightGBMLarge_BAG_L1,year,0.2600148035932188
1,2,0.3,LightGBMLarge_BAG_L1,item_id,0.0
1,2,0.3,LightGBMLarge_BAG_L1,target_lag1,1.8667886220084722
1,2,0.3,LightGBMLarge_BAG_L1,target_lag2,0.32687468129501035
1,2,0.3,LightGBMLarge_BAG_L1,target_lag3,0.15721127952523176
1,2,0.3,LightGBMLarge_BAG_L1,target_lag4,0.1887370272398675
1,2,0.3,LightGBMLarge_BAG_L1,target_lag5,0.060580715553928195
1,2,0.3,LightGBMLarge_BAG_L1,target_lag6,0.11207292072381461
1,2,0.3,LightGBMLarge_BAG_L1,cov_HULL_lag1,0.08922352457302983
1,2,0.3,LightGBMLarge_BAG_L1,cov_MUFL_lag1,2.1066806519054397
1,2,0.3,LightGBMLarge_BAG_L1,cov_MULL_lag1,0.10773275852919588
1,2,0.3,LightGBMLarge_BAG_L1,cov_LUFL_lag1,0.1749861841708529
1,2,0.3,LightGBMLarge_BAG_L1,cov_LULL_lag1,0.06274360570822522
1,2,0.3,LightGBMLarge_BAG_L1,cov_OT_lag1,0.20756195569406968
1,2,0.3,LightGBMLarge_BAG_L1,hour_lag1,1.4406542319685098
1,2,0.3,LightGBMLarge_BAG_L1,day_of_week_lag1,0.03353909083858959
1,2,0.3,LightGBMLarge_BAG_L1,month_lag1,0.18691611002440955
1,2,0.3,LightGBMLarge_BAG_L1,month_sin,0.17798701549058496
1,2,0.3,LightGBMLarge_BAG_L1,month_cos,0.08018927040476215
1,2,0.3,LightGBMLarge_BAG_L1,year,0.2600148035932188
2,2,0.02,LightGBMLarge_BAG_L1,item_id,0.0
2,2,0.02,LightGBMLarge_BAG_L1,target_lag1,1.801049278979772
2,2,0.02,LightGBMLarge_BAG_L1,target_lag2,0.3085892457292093
2,2,0.02,LightGBMLarge_BAG_L1,target_lag3,0.1356752633505752
2,2,0.02,LightGBMLarge_BAG_L1,target_lag4,0.11642231537706145
2,2,0.02,LightGBMLarge_BAG_L1,target_lag5,0.07722550389752364
2,2,0.02,LightGBMLarge_BAG_L1,target_lag6,0.12558123023898626
2,2,0.02,LightGBMLarge_BAG_L1,cov_HULL_lag1,0.10605598258071293
2,2,0.02,LightGBMLarge_BAG_L1,cov_MUFL_lag1,2.4175281897621366
2,2,0.02,LightGBMLarge_BAG_L1,cov_MULL_lag1,0.09637321682414036
2,2,0.02,LightGBMLarge_BAG_L1,cov_LUFL_lag1,0.271332872496488
2,2,0.02,LightGBMLarge_BAG_L1,cov_LULL_lag1,0.06545077758515791
2,2,0.02,LightGBMLarge_BAG_L1,cov_OT_lag1,0.310171653285816
2,2,0.02,LightGBMLarge_BAG_L1,hour_lag1,2.094351216558145
2,2,0.02,LightGBMLarge_BAG_L1,day_of_week_lag1,0.03696977716107816
2,2,0.02,LightGBMLarge_BAG_L1,month_lag1,0.1330511388650952
2,2,0.02,LightGBMLarge_BAG_L1,month_sin,0.18193431831965082
2,2,0.02,LightGBMLarge_BAG_L1,month_cos,0.09022238280040286
2,2,0.02,LightGBMLarge_BAG_L1,year,0.20703297786528707
2,2,0.05,LightGBMLarge_BAG_L1,item_id,0.0
2,2,0.05,LightGBMLarge_BAG_L1,target_lag1,1.801049278979772
2,2,0.05,LightGBMLarge_BAG_L1,target_lag2,0.3085892457292093
2,2,0.05,LightGBMLarge_BAG_L1,target_lag3,0.1356752633505752
2,2,0.05,LightGBMLarge_BAG_L1,target_lag4,0.11642231537706145
2,2,0.05,LightGBMLarge_BAG_L1,target_lag5,0.07722550389752364
2,2,0.05,LightGBMLarge_BAG_L1,target_lag6,0.12558123023898626
2,2,0.05,LightGBMLarge_BAG_L1,cov_HULL_lag1,0.10605598258071293
2,2,0.05,LightGBMLarge_BAG_L1,cov_MUFL_lag1,2.4175281897621366
2,2,0.05,LightGBMLarge_BAG_L1,cov_MULL_lag1,0.09637321682414036
2,2,0.05,LightGBMLarge_BAG_L1,cov_LUFL_lag1,0.271332872496488
2,2,0.05,LightGBMLarge_BAG_L1,cov_LULL_lag1,0.06545077758515791
2,2,0.05,LightGBMLarge_BAG_L1,cov_OT_lag1,0.310171653285816
2,2,0.05,LightGBMLarge_BAG_L1,hour_lag1,2.094351216558145
2,2,0.05,LightGBMLarge_BAG_L1,day_of_week_lag1,0.03696977716107816
2,2,0.05,LightGBMLarge_BAG_L1,month_lag1,0.1330511388650952
2,2,0.05,LightGBMLarge_BAG_L1,month_sin,0.18193431831965082
2,2,0.05,LightGBMLarge_BAG_L1,month_cos,0.09022238280040286
2,2,0.05,LightGBMLarge_BAG_L1,year,0.20703297786528707
2,2,0.1,LightGBMLarge_BAG_L1,item_id,0.0
2,2,0.1,LightGBMLarge_BAG_L1,target_lag1,1.801049278979772
2,2,0.1,LightGBMLarge_BAG_L1,target_lag2,0.3085892457292093
2,2,0.1,LightGBMLarge_BAG_L1,target_lag3,0.1356752633505752
2,2,0.1,LightGBMLarge_BAG_L1,target_lag4,0.11642231537706145
2,2,0.1,LightGBMLarge_BAG_L1,target_lag5,0.07722550389752364
2,2,0.1,LightGBMLarge_BAG_L1,target_lag6,0.12558123023898626
2,2,0.1,LightGBMLarge_BAG_L1,cov_HULL_lag1,0.10605598258071293
2,2,0.1,LightGBMLarge_BAG_L1,cov_MUFL_lag1,2.4175281897621366
2,2,0.1,LightGBMLarge_BAG_L1,cov_MULL_lag1,0.09637321682414036
2,2,0.1,LightGBMLarge_BAG_L1,cov_LUFL_lag1,0.271332872496488
2,2,0.1,LightGBMLarge_BAG_L1,cov_LULL_lag1,0.06545077758515791
2,2,0.1,LightGBMLarge_BAG_L1,cov_OT_lag1,0.310171653285816
2,2,0.1,LightGBMLarge_BAG_L1,hour_lag1,2.094351216558145
2,2,0.1,LightGBMLarge_BAG_L1,day_of_week_lag1,0.03696977716107816
2,2,0.1,LightGBMLarge_BAG_L1,month_lag1,0.1330511388650952
2,2,0.1,LightGBMLarge_BAG_L1,month_sin,0.18193431831965082
2,2,0.1,LightGBMLarge_BAG_L1,month_cos,0.09022238280040286
2,2,0.1,LightGBMLarge_BAG_L1,year,0.20703297786528707
2,2,0.2,LightGBMLarge_BAG_L1,item_id,0.0
2,2,0.2,LightGBMLarge_BAG_L1,target_lag1,1.801049278979772
2,2,0.2,LightGBMLarge_BAG_L1,target_lag2,0.3085892457292093
2,2,0.2,LightGBMLarge_BAG_L1,target_lag3,0.1356752633505752
2,2,0.2,LightGBMLarge_BAG_L1,target_lag4,0.11642231537706145
2,2,0.2,LightGBMLarge_BAG_L1,target_lag5,0.07722550389752364
2,2,0.2,LightGBMLarge_BAG_L1,target_lag6,0.12558123023898626
2,2,0.2,LightGBMLarge_BAG_L1,cov_HULL_lag1,0.10605598258071293
2,2,0.2,LightGBMLarge_BAG_L1,cov_MUFL_lag1,2.4175281897621366
2,2,0.2,LightGBMLarge_BAG_L1,cov_MULL_lag1,0.09637321682414036
2,2,0.2,LightGBMLarge_BAG_L1,cov_LUFL_lag1,0.271332872496488
2,2,0.2,LightGBMLarge_BAG_L1,cov_LULL_lag1,0.06545077758515791
2,2,0.2,LightGBMLarge_BAG_L1,cov_OT_lag1,0.310171653285816
2,2,0.2,LightGBMLarge_BAG_L1,hour_lag1,2.094351216558145
2,2,0.2,LightGBMLarge_BAG_L1,day_of_week_lag1,0.03696977716107816
2,2,0.2,LightGBMLarge_BAG_L1,month_lag1,0.1330511388650952
2,2,0.2,LightGBMLarge_BAG_L1,month_sin,0.18193431831965082
2,2,0.2,LightGBMLarge_BAG_L1,month_cos,0.09022238280040286
2,2,0.2,LightGBMLarge_BAG_L1,year,0.20703297786528707
2,2,0.3,LightGBMLarge_BAG_L1,item_id,0.0
2,2,0.3,LightGBMLarge_BAG_L1,target_lag1,1.801049278979772
2,2,0.3,LightGBMLarge_BAG_L1,target_lag2,0.3085892457292093
2,2,0.3,LightGBMLarge_BAG_L1,target_lag3,0.1356752633505752
2,2,0.3,LightGBMLarge_BAG_L1,target_lag4,0.11642231537706145
2,2,0.3,LightGBMLarge_BAG_L1,target_lag5,0.07722550389752364
2,2,0.3,LightGBMLarge_BAG_L1,target_lag6,0.12558123023898626
2,2,0.3,LightGBMLarge_BAG_L1,cov_HULL_lag1,0.10605598258071293
2,2,0.3,LightGBMLarge_BAG_L1,cov_MUFL_lag1,2.4175281897621366
2,2,0.3,LightGBMLarge_BAG_L1,cov_MULL_lag1,0.09637321682414036
2,2,0.3,LightGBMLarge_BAG_L1,cov_LUFL_lag1,0.271332872496488
2,2,0.3,LightGBMLarge_BAG_L1,cov_LULL_lag1,0.06545077758515791
2,2,0.3,LightGBMLarge_BAG_L1,cov_OT_lag1,0.310171653285816
2,2,0.3,LightGBMLarge_BAG_L1,hour_lag1,2.094351216558145
2,2,0.3,LightGBMLarge_BAG_L1,day_of_week_lag1,0.03696977716107816
2,2,0.3,LightGBMLarge_BAG_L1,month_lag1,0.1330511388650952
2,2,0.3,LightGBMLarge_BAG_L1,month_sin,0.18193431831965082
2,2,0.3,LightGBMLarge_BAG_L1,month_cos,0.09022238280040286
2,2,0.3,LightGBMLarge_BAG_L1,year,0.20703297786528707
