split_id,seed,eps,feature,mean_importance,q10,q50,q90,rdi_cv,n_models
0,0,0.02,item_id,53.03694278312682,53.03694278312682,53.03694278312682,53.03694278312682,,1
0,0,0.02,month_cos,41.32274978286742,41.32274978286742,41.32274978286742,41.32274978286742,,1
0,0,0.02,month_lag1,24.077074155731193,24.077074155731193,24.077074155731193,24.077074155731193,,1
0,0,0.02,month_sin,8.790362949523928,8.790362949523928,8.790362949523928,8.790362949523928,,1
0,0,0.02,target_lag1,1027.0725120407105,1027.0725120407105,1027.0725120407105,1027.0725120407105,,1
0,0,0.02,target_lag2,481.92068344818114,481.92068344818114,481.92068344818114,481.92068344818114,,1
0,0,0.02,target_lag3,257.7818246675871,257.7818246675871,257.7818246675871,257.7818246675871,,1
0,0,0.02,target_lag4,425.25697985702493,425.25697985702493,425.25697985702493,425.25697985702493,,1
0,0,0.02,target_lag5,71.06276761688233,71.06276761688233,71.06276761688233,71.06276761688233,,1
0,0,0.02,target_lag6,107.97761621078493,107.97761621078493,107.97761621078493,107.97761621078493,,1
0,0,0.02,trend_lag1,31.77920275909426,31.77920275909426,31.77920275909426,31.77920275909426,,1
0,0,0.02,year,0.9747443145752104,0.9747443145752104,0.9747443145752104,0.9747443145752104,,1
0,0,0.05,item_id,53.03694278312682,53.03694278312682,53.03694278312682,53.03694278312682,,1
0,0,0.05,month_cos,41.32274978286742,41.32274978286742,41.32274978286742,41.32274978286742,,1
0,0,0.05,month_lag1,24.077074155731193,24.077074155731193,24.077074155731193,24.077074155731193,,1
0,0,0.05,month_sin,8.790362949523928,8.790362949523928,8.790362949523928,8.790362949523928,,1
0,0,0.05,target_lag1,1027.0725120407105,1027.0725120407105,1027.0725120407105,1027.0725120407105,,1
0,0,0.05,target_lag2,481.92068344818114,481.92068344818114,481.92068344818114,481.92068344818114,,1
0,0,0.05,target_lag3,257.7818246675871,257.7818246675871,257.7818246675871,257.7818246675871,,1
0,0,0.05,target_lag4,425.25697985702493,425.25697985702493,425.25697985702493,425.25697985702493,,1
0,0,0.05,target_lag5,71.06276761688233,71.06276761688233,71.06276761688233,71.06276761688233,,1
0,0,0.05,target_lag6,107.97761621078493,107.97761621078493,107.97761621078493,107.97761621078493,,1
0,0,0.05,trend_lag1,31.77920275909426,31.77920275909426,31.77920275909426,31.77920275909426,,1
0,0,0.05,year,0.9747443145752104,0.9747443145752104,0.9747443145752104,0.9747443145752104,,1
0,0,0.1,item_id,73.12726470407485,57.055007167316425,73.12726470407485,89.19952224083326,0.3885282165006592,2
0,0,0.1,month_cos,40.232665124206534,39.36059739727782,40.232665124206534,41.10473285113524,0.038317434444219964,2
0,0,0.1,month_lag1,26.5290350591278,24.567466336410515,26.5290350591278,28.49060378184508,0.13070947949155973,2
0,0,0.1,month_sin,11.400285275917053,9.312347414802552,11.400285275917053,13.488223137031552,0.3237627358784023,2
0,0,0.1,target_lag1,934.5262384341811,860.4892195489575,934.5262384341811,1008.5632573194047,0.14004978126749826,2
0,0,0.1,target_lag2,512.2391736462401,487.9843814877929,512.2391736462401,536.4939658046874,0.08370468764339786,2
0,0,0.1,target_lag3,213.31288123140328,177.73772648245622,213.31288123140328,248.88803598035034,0.29481849642090263,2
0,0,0.1,target_lag4,454.88046339672076,431.1816765649641,454.88046339672076,478.57925022847735,0.0920987722219152,2
0,0,0.1,target_lag5,76.21220928787233,72.09265595108033,76.21220928787233,80.33176262466432,0.09555437793773516,2
0,0,0.1,target_lag6,121.84958089920045,110.75200914846803,121.84958089920045,132.94715264993286,0.16100113315405307,2
0,0,0.1,trend_lag1,33.16412815540315,32.05618783835604,33.16412815540315,34.27206847245025,0.059057191829594353,2
0,0,0.1,year,0.5313943040847858,0.17671429569244612,0.5313943040847858,0.8860743124771254,1.1798989806495812,2
0,0,0.2,item_id,73.12726470407485,57.055007167316425,73.12726470407485,89.19952224083326,0.3885282165006592,2
0,0,0.2,month_cos,40.232665124206534,39.36059739727782,40.232665124206534,41.10473285113524,0.038317434444219964,2
0,0,0.2,month_lag1,26.5290350591278,24.567466336410515,26.5290350591278,28.49060378184508,0.13070947949155973,2
0,0,0.2,month_sin,11.400285275917053,9.312347414802552,11.400285275917053,13.488223137031552,0.3237627358784023,2
0,0,0.2,target_lag1,934.5262384341811,860.4892195489575,934.5262384341811,1008.5632573194047,0.14004978126749826,2
0,0,0.2,target_lag2,512.2391736462401,487.9843814877929,512.2391736462401,536.4939658046874,0.08370468764339786,2
0,0,0.2,target_lag3,213.31288123140328,177.73772648245622,213.31288123140328,248.88803598035034,0.29481849642090263,2
0,0,0.2,target_lag4,454.88046339672076,431.1816765649641,454.88046339672076,478.57925022847735,0.0920987722219152,2
0,0,0.2,target_lag5,76.21220928787233,72.09265595108033,76.21220928787233,80.33176262466432,0.09555437793773516,2
0,0,0.2,target_lag6,121.84958089920045,110.75200914846803,121.84958089920045,132.94715264993286,0.16100113315405307,2
0,0,0.2,trend_lag1,33.16412815540315,32.05618783835604,33.16412815540315,34.27206847245025,0.059057191829594353,2
0,0,0.2,year,0.5313943040847858,0.17671429569244612,0.5313943040847858,0.8860743124771254,1.1798989806495812,2
0,0,0.3,item_id,73.12726470407485,57.055007167316425,73.12726470407485,89.19952224083326,0.3885282165006592,2
0,0,0.3,month_cos,40.232665124206534,39.36059739727782,40.232665124206534,41.10473285113524,0.038317434444219964,2
0,0,0.3,month_lag1,26.5290350591278,24.567466336410515,26.5290350591278,28.49060378184508,0.13070947949155973,2
0,0,0.3,month_sin,11.400285275917053,9.312347414802552,11.400285275917053,13.488223137031552,0.3237627358784023,2
0,0,0.3,target_lag1,934.5262384341811,860.4892195489575,934.5262384341811,1008.5632573194047,0.14004978126749826,2
0,0,0.3,target_lag2,512.2391736462401,487.9843814877929,512.2391736462401,536.4939658046874,0.08370468764339786,2
0,0,0.3,target_lag3,213.31288123140328,177.73772648245622,213.31288123140328,248.88803598035034,0.29481849642090263,2
0,0,0.3,target_lag4,454.88046339672076,431.1816765649641,454.88046339672076,478.57925022847735,0.0920987722219152,2
0,0,0.3,target_lag5,76.21220928787233,72.09265595108033,76.21220928787233,80.33176262466432,0.09555437793773516,2
0,0,0.3,target_lag6,121.84958089920045,110.75200914846803,121.84958089920045,132.94715264993286,0.16100113315405307,2
0,0,0.3,trend_lag1,33.16412815540315,32.05618783835604,33.16412815540315,34.27206847245025,0.059057191829594353,2
0,0,0.3,year,0.5313943040847858,0.17671429569244612,0.5313943040847858,0.8860743124771254,1.1798989806495812,2
0,1,0.02,item_id,54.87532727920532,54.87532727920532,54.87532727920532,54.87532727920532,,1
0,1,0.02,month_cos,42.24290331123351,42.24290331123351,42.24290331123351,42.24290331123351,,1
0,1,0.02,month_lag1,24.633413931198106,24.633413931198106,24.633413931198106,24.633413931198106,,1
0,1,0.02,month_sin,8.49296621429444,8.49296621429444,8.49296621429444,8.49296621429444,,1
0,1,0.02,target_lag1,1026.5081400211334,1026.5081400211334,1026.5081400211334,1026.5081400211334,,1
0,1,0.02,target_lag2,477.8679459494781,477.8679459494781,477.8679459494781,477.8679459494781,,1
0,1,0.02,target_lag3,254.77701269996643,254.77701269996643,254.77701269996643,254.77701269996643,,1
0,1,0.02,target_lag4,428.15945778831485,428.15945778831485,428.15945778831485,428.15945778831485,,1
0,1,0.02,target_lag5,72.33484590553282,72.33484590553282,72.33484590553282,72.33484590553282,,1
0,1,0.02,target_lag6,113.13273094802858,113.13273094802858,113.13273094802858,113.13273094802858,,1
0,1,0.02,trend_lag1,31.082635400695818,31.082635400695818,31.082635400695818,31.082635400695818,,1
0,1,0.02,year,0.9898736887359861,0.9898736887359861,0.9898736887359861,0.9898736887359861,,1
0,1,0.05,item_id,54.87532727920532,54.87532727920532,54.87532727920532,54.87532727920532,,1
0,1,0.05,month_cos,42.24290331123351,42.24290331123351,42.24290331123351,42.24290331123351,,1
0,1,0.05,month_lag1,24.633413931198106,24.633413931198106,24.633413931198106,24.633413931198106,,1
0,1,0.05,month_sin,8.49296621429444,8.49296621429444,8.49296621429444,8.49296621429444,,1
0,1,0.05,target_lag1,1026.5081400211334,1026.5081400211334,1026.5081400211334,1026.5081400211334,,1
0,1,0.05,target_lag2,477.8679459494781,477.8679459494781,477.8679459494781,477.8679459494781,,1
0,1,0.05,target_lag3,254.77701269996643,254.77701269996643,254.77701269996643,254.77701269996643,,1
0,1,0.05,target_lag4,428.15945778831485,428.15945778831485,428.15945778831485,428.15945778831485,,1
0,1,0.05,target_lag5,72.33484590553282,72.33484590553282,72.33484590553282,72.33484590553282,,1
0,1,0.05,target_lag6,113.13273094802858,113.13273094802858,113.13273094802858,113.13273094802858,,1
0,1,0.05,trend_lag1,31.082635400695818,31.082635400695818,31.082635400695818,31.082635400695818,,1
0,1,0.05,year,0.9898736887359861,0.9898736887359861,0.9898736887359861,0.9898736887359861,,1
0,1,0.1,item_id,73.8386924659157,58.6680003165474,73.8386924659157,89.00938461528399,0.36320047578928444,2
0,1,0.1,month_cos,41.20005549873351,40.365777248733515,41.20005549873351,42.03433374873351,0.03579629935143932,2
0,1,0.1,month_lag1,26.702953411712635,25.047321827301012,26.702953411712635,28.358584996124257,0.10960476004599348,2
0,1,0.1,month_sin,11.276541793575293,9.04968133015061,11.276541793575293,13.503402256999973,0.3490937565940651,2
0,1,0.1,target_lag1,935.3710231832504,862.4613297129439,935.3710231832504,1008.2807166535567,0.13779275118988257,2
0,1,0.1,target_lag2,510.06388231838224,484.3071332232589,510.06388231838224,535.8206314135056,0.08926711230610965,2
0,1,0.1,target_lag3,211.811730333786,177.43950444084166,211.811730333786,246.18395622673034,0.2868683662500137,2
0,1,0.1,target_lag4,454.69890889377604,433.4673480094071,454.69890889377604,475.930469778145,0.08254352706188009,2
0,1,0.1,target_lag5,77.0122889282608,73.27033451007841,77.0122889282608,80.7542433464432,0.08589412744414372,2
0,1,0.1,target_lag6,125.77126393632891,115.66043754568865,125.77126393632891,135.88209032696918,0.14211183223540125,2
0,1,0.1,trend_lag1,32.860545677928926,31.43821745614244,32.860545677928926,34.28287389971541,0.07651561393377225,2
0,1,0.1,year,0.5348723298263673,0.17087124269867227,0.5348723298263673,0.8988734169540624,1.2030330544035697,2
0,1,0.2,item_id,73.8386924659157,58.6680003165474,73.8386924659157,89.00938461528399,0.36320047578928444,2
0,1,0.2,month_cos,41.20005549873351,40.365777248733515,41.20005549873351,42.03433374873351,0.03579629935143932,2
0,1,0.2,month_lag1,26.702953411712635,25.047321827301012,26.702953411712635,28.358584996124257,0.10960476004599348,2
0,1,0.2,month_sin,11.276541793575293,9.04968133015061,11.276541793575293,13.503402256999973,0.3490937565940651,2
0,1,0.2,target_lag1,935.3710231832504,862.4613297129439,935.3710231832504,1008.2807166535567,0.13779275118988257,2
0,1,0.2,target_lag2,510.06388231838224,484.3071332232589,510.06388231838224,535.8206314135056,0.08926711230610965,2
0,1,0.2,target_lag3,211.811730333786,177.43950444084166,211.811730333786,246.18395622673034,0.2868683662500137,2
0,1,0.2,target_lag4,454.69890889377604,433.4673480094071,454.69890889377604,475.930469778145,0.08254352706188009,2
0,1,0.2,target_lag5,77.0122889282608,73.27033451007841,77.0122889282608,80.7542433464432,0.08589412744414372,2
0,1,0.2,target_lag6,125.77126393632891,115.66043754568865,125.77126393632891,135.88209032696918,0.14211183223540125,2
0,1,0.2,trend_lag1,32.860545677928926,31.43821745614244,32.860545677928926,34.28287389971541,0.07651561393377225,2
0,1,0.2,year,0.5348723298263673,0.17087124269867227,0.5348723298263673,0.8988734169540624,1.2030330544035697,2
0,1,0.3,item_id,73.8386924659157,58.6680003165474,73.8386924659157,89.00938461528399,0.36320047578928444,2
0,1,0.3,month_cos,41.20005549873351,40.365777248733515,41.20005549873351,42.03433374873351,0.03579629935143932,2
0,1,0.3,month_lag1,26.702953411712635,25.047321827301012,26.702953411712635,28.358584996124257,0.10960476004599348,2
0,1,0.3,month_sin,11.276541793575293,9.04968133015061,11.276541793575293,13.503402256999973,0.3490937565940651,2
0,1,0.3,target_lag1,935.3710231832504,862.4613297129439,935.3710231832504,1008.2807166535567,0.13779275118988257,2
0,1,0.3,target_lag2,510.06388231838224,484.3071332232589,510.06388231838224,535.8206314135056,0.08926711230610965,2
0,1,0.3,target_lag3,211.811730333786,177.43950444084166,211.811730333786,246.18395622673034,0.2868683662500137,2
0,1,0.3,target_lag4,454.69890889377604,433.4673480094071,454.69890889377604,475.930469778145,0.08254352706188009,2
0,1,0.3,target_lag5,77.0122889282608,73.27033451007841,77.0122889282608,80.7542433464432,0.08589412744414372,2
0,1,0.3,target_lag6,125.77126393632891,115.66043754568865,125.77126393632891,135.88209032696918,0.14211183223540125,2
0,1,0.3,trend_lag1,32.860545677928926,31.43821745614244,32.860545677928926,34.28287389971541,0.07651561393377225,2
0,1,0.3,year,0.5348723298263673,0.17087124269867227,0.5348723298263673,0.8988734169540624,1.2030330544035697,2
0,2,0.02,item_id,53.35747609268187,53.35747609268187,53.35747609268187,53.35747609268187,,1
0,2,0.02,month_cos,40.869279457016,40.869279457016,40.869279457016,40.869279457016,,1
0,2,0.02,month_lag1,24.668976108474723,24.668976108474723,24.668976108474723,24.668976108474723,,1
0,2,0.02,month_sin,8.556811169281008,8.556811169281008,8.556811169281008,8.556811169281008,,1
0,2,0.02,target_lag1,1029.330700898285,1029.330700898285,1029.330700898285,1029.330700898285,,1
0,2,0.02,target_lag2,482.1227437284851,482.1227437284851,482.1227437284851,482.1227437284851,,1
0,2,0.02,target_lag3,255.72780621360783,255.72780621360783,255.72780621360783,255.72780621360783,,1
0,2,0.02,target_lag4,427.7793690311431,427.7793690311431,427.7793690311431,427.7793690311431,,1
0,2,0.02,target_lag5,71.4577114628601,71.4577114628601,71.4577114628601,71.4577114628601,,1
0,2,0.02,target_lag6,112.20657960586551,112.20657960586551,112.20657960586551,112.20657960586551,,1
0,2,0.02,trend_lag1,29.456300831069953,29.456300831069953,29.456300831069953,29.456300831069953,,1
0,2,0.02,year,1.0034331158447494,1.0034331158447494,1.0034331158447494,1.0034331158447494,,1
0,2,0.05,item_id,53.35747609268187,53.35747609268187,53.35747609268187,53.35747609268187,,1
0,2,0.05,month_cos,40.869279457016,40.869279457016,40.869279457016,40.869279457016,,1
0,2,0.05,month_lag1,24.668976108474723,24.668976108474723,24.668976108474723,24.668976108474723,,1
0,2,0.05,month_sin,8.556811169281008,8.556811169281008,8.556811169281008,8.556811169281008,,1
0,2,0.05,target_lag1,1029.330700898285,1029.330700898285,1029.330700898285,1029.330700898285,,1
0,2,0.05,target_lag2,482.1227437284851,482.1227437284851,482.1227437284851,482.1227437284851,,1
0,2,0.05,target_lag3,255.72780621360783,255.72780621360783,255.72780621360783,255.72780621360783,,1
0,2,0.05,target_lag4,427.7793690311431,427.7793690311431,427.7793690311431,427.7793690311431,,1
0,2,0.05,target_lag5,71.4577114628601,71.4577114628601,71.4577114628601,71.4577114628601,,1
0,2,0.05,target_lag6,112.20657960586551,112.20657960586551,112.20657960586551,112.20657960586551,,1
0,2,0.05,trend_lag1,29.456300831069953,29.456300831069953,29.456300831069953,29.456300831069953,,1
0,2,0.05,year,1.0034331158447494,1.0034331158447494,1.0034331158447494,1.0034331158447494,,1
0,2,0.1,item_id,73.06118560668943,57.298217995483384,73.06118560668943,88.82415321789549,0.3813961269910953,2
0,2,0.1,month_cos,40.14016922588348,39.55688104097747,40.14016922588348,40.72345741078949,0.025687923026185458,2
0,2,0.1,month_lag1,26.78456914226532,25.092094715232843,26.78456914226532,28.47704356929779,0.11170238897468206,2
0,2,0.1,month_sin,11.409703103218082,9.127389556068422,11.409703103218082,13.69201665036774,0.3536111701118948,2
0,2,0.1,target_lag1,939.0591797338486,866.8419628022996,939.0591797338486,1011.2763966653977,0.13594799165157867,2
0,2,0.1,target_lag2,510.7326748307037,487.84472994892883,510.7326748307037,533.6206197124786,0.07922060713411196,2
0,2,0.1,target_lag3,210.46092439582827,174.24741894160462,210.46092439582827,246.67442985005192,0.30417541107366036,2
0,2,0.1,target_lag4,451.4127905563353,432.50605333618154,451.4127905563353,470.3195277764891,0.07404022647434465,2
0,2,0.1,target_lag5,78.02455515899658,72.7710802020874,78.02455515899658,83.27803011590576,0.1190255990327109,2
0,2,0.1,target_lag6,127.568106710434,115.27888502677921,127.568106710434,139.85732839408877,0.17029711054154562,2
0,2,0.1,trend_lag1,32.00412155578613,29.96586497601319,32.00412155578613,34.042378135559076,0.1125843312745864,2
0,2,0.1,year,0.5366436241531486,0.163212030799868,0.5366436241531486,0.9100752175064293,1.230127407111209,2
0,2,0.2,item_id,73.06118560668943,57.298217995483384,73.06118560668943,88.82415321789549,0.3813961269910953,2
0,2,0.2,month_cos,40.14016922588348,39.55688104097747,40.14016922588348,40.72345741078949,0.025687923026185458,2
0,2,0.2,month_lag1,26.78456914226532,25.092094715232843,26.78456914226532,28.47704356929779,0.11170238897468206,2
0,2,0.2,month_sin,11.409703103218082,9.127389556068422,11.409703103218082,13.69201665036774,0.3536111701118948,2
0,2,0.2,target_lag1,939.0591797338486,866.8419628022996,939.0591797338486,1011.2763966653977,0.13594799165157867,2
0,2,0.2,target_lag2,510.7326748307037,487.84472994892883,510.7326748307037,533.6206197124786,0.07922060713411196,2
0,2,0.2,target_lag3,210.46092439582827,174.24741894160462,210.46092439582827,246.67442985005192,0.30417541107366036,2
0,2,0.2,target_lag4,451.4127905563353,432.50605333618154,451.4127905563353,470.3195277764891,0.07404022647434465,2
0,2,0.2,target_lag5,78.02455515899658,72.7710802020874,78.02455515899658,83.27803011590576,0.1190255990327109,2
0,2,0.2,target_lag6,127.568106710434,115.27888502677921,127.568106710434,139.85732839408877,0.17029711054154562,2
0,2,0.2,trend_lag1,32.00412155578613,29.96586497601319,32.00412155578613,34.042378135559076,0.1125843312745864,2
0,2,0.2,year,0.5366436241531486,0.163212030799868,0.5366436241531486,0.9100752175064293,1.230127407111209,2
0,2,0.3,item_id,73.06118560668943,57.298217995483384,73.06118560668943,88.82415321789549,0.3813961269910953,2
0,2,0.3,month_cos,40.14016922588348,39.55688104097747,40.14016922588348,40.72345741078949,0.025687923026185458,2
0,2,0.3,month_lag1,26.78456914226532,25.092094715232843,26.78456914226532,28.47704356929779,0.11170238897468206,2
0,2,0.3,month_sin,11.409703103218082,9.127389556068422,11.409703103218082,13.69201665036774,0.3536111701118948,2
0,2,0.3,target_lag1,939.0591797338486,866.8419628022996,939.0591797338486,1011.2763966653977,0.13594799165157867,2
0,2,0.3,target_lag2,510.7326748307037,487.84472994892883,510.7326748307037,533.6206197124786,0.07922060713411196,2
0,2,0.3,target_lag3,210.46092439582827,174.24741894160462,210.46092439582827,246.67442985005192,0.30417541107366036,2
0,2,0.3,target_lag4,451.4127905563353,432.50605333618154,451.4127905563353,470.3195277764891,0.07404022647434465,2
0,2,0.3,target_lag5,78.02455515899658,72.7710802020874,78.02455515899658,83.27803011590576,0.1190255990327109,2
0,2,0.3,target_lag6,127.568106710434,115.27888502677921,127.568106710434,139.85732839408877,0.17029711054154562,2
0,2,0.3,trend_lag1,32.00412155578613,29.96586497601319,32.00412155578613,34.042378135559076,0.1125843312745864,2
0,2,0.3,year,0.5366436241531486,0.163212030799868,0.5366436241531486,0.9100752175064293,1.230127407111209,2
1,0,0.02,item_id,70.81591871181489,70.81591871181489,70.81591871181489,70.81591871181489,,1
1,0,0.02,month_cos,52.0151173142624,52.0151173142624,52.0151173142624,52.0151173142624,,1
1,0,0.02,month_lag1,25.495669376487726,25.495669376487726,25.495669376487726,25.495669376487726,,1
1,0,0.02,month_sin,8.004091270828246,8.004091270828246,8.004091270828246,8.004091270828246,,1
1,0,0.02,target_lag1,1311.5512594429013,1311.5512594429013,1311.5512594429013,1311.5512594429013,,1
1,0,0.02,target_lag2,532.2905635776137,532.2905635776137,532.2905635776137,532.2905635776137,,1
1,0,0.02,target_lag3,179.16424702129368,179.16424702129368,179.16424702129368,179.16424702129368,,1
1,0,0.02,target_lag4,367.1742622935485,367.1742622935485,367.1742622935485,367.1742622935485,,1
1,0,0.02,target_lag5,30.982302938537597,30.982302938537597,30.982302938537597,30.982302938537597,,1
1,0,0.02,target_lag6,106.74676385749817,106.74676385749817,106.74676385749817,106.74676385749817,,1
1,0,0.02,trend_lag1,101.2819010873413,101.2819010873413,101.2819010873413,101.2819010873413,,1
1,0,0.02,year,3.0779015266037253,3.0779015266037253,3.0779015266037253,3.0779015266037253,,1
1,0,0.05,item_id,70.81591871181489,70.81591871181489,70.81591871181489,70.81591871181489,,1
1,0,0.05,month_cos,52.0151173142624,52.0151173142624,52.0151173142624,52.0151173142624,,1
1,0,0.05,month_lag1,25.495669376487726,25.495669376487726,25.495669376487726,25.495669376487726,,1
1,0,0.05,month_sin,8.004091270828246,8.004091270828246,8.004091270828246,8.004091270828246,,1
1,0,0.05,target_lag1,1311.5512594429013,1311.5512594429013,1311.5512594429013,1311.5512594429013,,1
1,0,0.05,target_lag2,532.2905635776137,532.2905635776137,532.2905635776137,532.2905635776137,,1
1,0,0.05,target_lag3,179.16424702129368,179.16424702129368,179.16424702129368,179.16424702129368,,1
1,0,0.05,target_lag4,367.1742622935485,367.1742622935485,367.1742622935485,367.1742622935485,,1
1,0,0.05,target_lag5,30.982302938537597,30.982302938537597,30.982302938537597,30.982302938537597,,1
1,0,0.05,target_lag6,106.74676385749817,106.74676385749817,106.74676385749817,106.74676385749817,,1
1,0,0.05,trend_lag1,101.2819010873413,101.2819010873413,101.2819010873413,101.2819010873413,,1
1,0,0.05,year,3.0779015266037253,3.0779015266037253,3.0779015266037253,3.0779015266037253,,1
1,0,0.1,item_id,80.08375122285841,72.6694852140236,80.08375122285841,87.49801723169323,0.16366234386856274,2
1,0,0.1,month_cos,53.07628520223618,52.22735089185716,53.07628520223618,53.9252195126152,0.028274737265600466,2
1,0,0.1,month_lag1,30.637315834465024,26.523998668083184,30.637315834465024,34.75063300084686,0.23733757203426417,2
1,0,0.1,month_sin,10.644079759635925,8.532088968589782,10.644079759635925,12.756070550682068,0.35075907074074986,2
1,0,0.1,target_lag1,1160.391756283798,1039.4641537565155,1160.391756283798,1281.3193588110807,0.18422383500361575,2
1,0,0.1,target_lag2,561.2723450938988,538.0869198808707,561.2723450938988,584.4577703069269,0.07302413674988262,2
1,0,0.1,target_lag3,197.39425856218338,182.81024932947162,197.39425856218338,211.97826779489517,0.1306072919806964,2
1,0,0.1,target_lag4,381.6437487372971,370.0681595822982,381.6437487372971,393.219337892296,0.05361791995028446,2
1,0,0.1,target_lag5,36.86301132266998,32.158444615364076,36.86301132266998,41.56757802997589,0.22560765533787086,2
1,0,0.1,target_lag6,142.10640957643506,113.81869300128554,142.10640957643506,170.39412615158457,0.3518918723333944,2
1,0,0.1,trend_lag1,109.37189958530428,102.8999007869339,109.37189958530428,115.84389838367466,0.10460626210916041,2
1,0,0.1,year,1.558057454090131,0.3421821960792558,1.5580574540901313,2.7739327121010064,1.3795281389638436,2
1,0,0.2,item_id,80.08375122285841,72.6694852140236,80.08375122285841,87.49801723169323,0.16366234386856274,2
1,0,0.2,month_cos,53.07628520223618,52.22735089185716,53.07628520223618,53.9252195126152,0.028274737265600466,2
1,0,0.2,month_lag1,30.637315834465024,26.523998668083184,30.637315834465024,34.75063300084686,0.23733757203426417,2
1,0,0.2,month_sin,10.644079759635925,8.532088968589782,10.644079759635925,12.756070550682068,0.35075907074074986,2
1,0,0.2,target_lag1,1160.391756283798,1039.4641537565155,1160.391756283798,1281.3193588110807,0.18422383500361575,2
1,0,0.2,target_lag2,561.2723450938988,538.0869198808707,561.2723450938988,584.4577703069269,0.07302413674988262,2
1,0,0.2,target_lag3,197.39425856218338,182.81024932947162,197.39425856218338,211.97826779489517,0.1306072919806964,2
1,0,0.2,target_lag4,381.6437487372971,370.0681595822982,381.6437487372971,393.219337892296,0.05361791995028446,2
1,0,0.2,target_lag5,36.86301132266998,32.158444615364076,36.86301132266998,41.56757802997589,0.22560765533787086,2
1,0,0.2,target_lag6,142.10640957643506,113.81869300128554,142.10640957643506,170.39412615158457,0.3518918723333944,2
1,0,0.2,trend_lag1,109.37189958530428,102.8999007869339,109.37189958530428,115.84389838367466,0.10460626210916041,2
1,0,0.2,year,1.558057454090131,0.3421821960792558,1.5580574540901313,2.7739327121010064,1.3795281389638436,2
1,0,0.3,item_id,80.08375122285841,72.6694852140236,80.08375122285841,87.49801723169323,0.16366234386856274,2
1,0,0.3,month_cos,53.07628520223618,52.22735089185716,53.07628520223618,53.9252195126152,0.028274737265600466,2
1,0,0.3,month_lag1,30.637315834465024,26.523998668083184,30.637315834465024,34.75063300084686,0.23733757203426417,2
1,0,0.3,month_sin,10.644079759635925,8.532088968589782,10.644079759635925,12.756070550682068,0.35075907074074986,2
1,0,0.3,target_lag1,1160.391756283798,1039.4641537565155,1160.391756283798,1281.3193588110807,0.18422383500361575,2
1,0,0.3,target_lag2,561.2723450938988,538.0869198808707,561.2723450938988,584.4577703069269,0.07302413674988262,2
1,0,0.3,target_lag3,197.39425856218338,182.81024932947162,197.39425856218338,211.97826779489517,0.1306072919806964,2
1,0,0.3,target_lag4,381.6437487372971,370.0681595822982,381.6437487372971,393.219337892296,0.05361791995028446,2
1,0,0.3,target_lag5,36.86301132266998,32.158444615364076,36.86301132266998,41.56757802997589,0.22560765533787086,2
1,0,0.3,target_lag6,142.10640957643506,113.81869300128554,142.10640957643506,170.39412615158457,0.3518918723333944,2
1,0,0.3,trend_lag1,109.37189958530428,102.8999007869339,109.37189958530428,115.84389838367466,0.10460626210916041,2
1,0,0.3,year,1.558057454090131,0.3421821960792558,1.5580574540901313,2.7739327121010064,1.3795281389638436,2
1,1,0.02,item_id,70.56937733951568,70.56937733951568,70.56937733951568,70.56937733951568,,1
1,1,0.02,month_cos,52.309025851821886,52.309025851821886,52.309025851821886,52.309025851821886,,1
1,1,0.02,month_lag1,24.952746064834592,24.952746064834592,24.952746064834592,24.952746064834592,,1
1,1,0.02,month_sin,8.013532802734376,8.013532802734376,8.013532802734376,8.013532802734376,,1
1,1,0.02,target_lag1,1308.4307229427716,1308.4307229427716,1308.4307229427716,1308.4307229427716,,1
1,1,0.02,target_lag2,522.404877633171,522.404877633171,522.404877633171,522.404877633171,,1
1,1,0.02,target_lag3,175.72898416847227,175.72898416847227,175.72898416847227,175.72898416847227,,1
1,1,0.02,target_lag4,375.05903851043695,375.05903851043695,375.05903851043695,375.05903851043695,,1
1,1,0.02,target_lag5,32.37375497550965,32.37375497550965,32.37375497550965,32.37375497550965,,1
1,1,0.02,target_lag6,107.06614760761258,107.06614760761258,107.06614760761258,107.06614760761258,,1
1,1,0.02,trend_lag1,103.85503746665954,103.85503746665954,103.85503746665954,103.85503746665954,,1
1,1,0.02,year,2.9776243095398156,2.9776243095398156,2.9776243095398156,2.9776243095398156,,1
1,1,0.05,item_id,70.56937733951568,70.56937733951568,70.56937733951568,70.56937733951568,,1
1,1,0.05,month_cos,52.309025851821886,52.309025851821886,52.309025851821886,52.309025851821886,,1
1,1,0.05,month_lag1,24.952746064834592,24.952746064834592,24.952746064834592,24.952746064834592,,1
1,1,0.05,month_sin,8.013532802734376,8.013532802734376,8.013532802734376,8.013532802734376,,1
1,1,0.05,target_lag1,1308.4307229427716,1308.4307229427716,1308.4307229427716,1308.4307229427716,,1
1,1,0.05,target_lag2,522.404877633171,522.404877633171,522.404877633171,522.404877633171,,1
1,1,0.05,target_lag3,175.72898416847227,175.72898416847227,175.72898416847227,175.72898416847227,,1
1,1,0.05,target_lag4,375.05903851043695,375.05903851043695,375.05903851043695,375.05903851043695,,1
1,1,0.05,target_lag5,32.37375497550965,32.37375497550965,32.37375497550965,32.37375497550965,,1
1,1,0.05,target_lag6,107.06614760761258,107.06614760761258,107.06614760761258,107.06614760761258,,1
1,1,0.05,trend_lag1,103.85503746665954,103.85503746665954,103.85503746665954,103.85503746665954,,1
1,1,0.05,year,2.9776243095398156,2.9776243095398156,2.9776243095398156,2.9776243095398156,,1
1,1,0.1,item_id,79.57843488998412,72.37118884960937,79.57843488998412,86.78568093035886,0.1601028141566981,2
1,1,0.1,month_cos,52.85864311611175,52.418949304679856,52.85864311611175,53.29833692754364,0.014704807831818547,2
1,1,0.1,month_lag1,30.39060687709808,26.04031822728729,30.39060687709808,34.74089552690887,0.2530484679723603,2
1,1,0.1,month_sin,10.43700726444245,8.498227695075991,10.43700726444245,12.37578683380891,0.32838057548244465,2
1,1,0.1,target_lag1,1155.14369880785,1032.5140794999124,1155.14369880785,1277.7733181157873,0.18766547286813198,2
1,1,0.1,target_lag2,558.0736257053375,529.5386272476044,558.0736257053375,586.6086241630707,0.09038812255779481,2
1,1,0.1,target_lag3,196.65180308107375,179.91354795099255,196.65180308107375,213.39005821115492,0.15046561387020857,2
1,1,0.1,target_lag4,388.1334785744857,377.6739265232467,388.1334785744857,398.5930306257247,0.04763838081404623,2
1,1,0.1,target_lag5,38.549602769756326,33.608924534358984,38.549602769756326,43.49028100515367,0.22656440228296018,2
1,1,0.1,target_lag6,138.9049413484001,113.43390635577008,138.9049413484001,164.3759763410301,0.324155883014162,2
1,1,0.1,trend_lag1,111.33174914852142,105.35037980303191,111.33174914852142,117.31311849401095,0.09497440885741065,2
1,1,0.1,year,1.504370889701854,0.3257681538314845,1.5043708897018537,2.6829736255722234,1.3849609703355297,2
1,1,0.2,item_id,79.57843488998412,72.37118884960937,79.57843488998412,86.78568093035886,0.1601028141566981,2
1,1,0.2,month_cos,52.85864311611175,52.418949304679856,52.85864311611175,53.29833692754364,0.014704807831818547,2
1,1,0.2,month_lag1,30.39060687709808,26.04031822728729,30.39060687709808,34.74089552690887,0.2530484679723603,2
1,1,0.2,month_sin,10.43700726444245,8.498227695075991,10.43700726444245,12.37578683380891,0.32838057548244465,2
1,1,0.2,target_lag1,1155.14369880785,1032.5140794999124,1155.14369880785,1277.7733181157873,0.18766547286813198,2
1,1,0.2,target_lag2,558.0736257053375,529.5386272476044,558.0736257053375,586.6086241630707,0.09038812255779481,2
1,1,0.2,target_lag3,196.65180308107375,179.91354795099255,196.65180308107375,213.39005821115492,0.15046561387020857,2
1,1,0.2,target_lag4,388.1334785744857,377.6739265232467,388.1334785744857,398.5930306257247,0.04763838081404623,2
1,1,0.2,target_lag5,38.549602769756326,33.608924534358984,38.549602769756326,43.49028100515367,0.22656440228296018,2
1,1,0.2,target_lag6,138.9049413484001,113.43390635577008,138.9049413484001,164.3759763410301,0.324155883014162,2
1,1,0.2,trend_lag1,111.33174914852142,105.35037980303191,111.33174914852142,117.31311849401095,0.09497440885741065,2
1,1,0.2,year,1.504370889701854,0.3257681538314845,1.5043708897018537,2.6829736255722234,1.3849609703355297,2
1,1,0.3,item_id,79.57843488998412,72.37118884960937,79.57843488998412,86.78568093035886,0.1601028141566981,2
1,1,0.3,month_cos,52.85864311611175,52.418949304679856,52.85864311611175,53.29833692754364,0.014704807831818547,2
1,1,0.3,month_lag1,30.39060687709808,26.04031822728729,30.39060687709808,34.74089552690887,0.2530484679723603,2
1,1,0.3,month_sin,10.43700726444245,8.498227695075991,10.43700726444245,12.37578683380891,0.32838057548244465,2
1,1,0.3,target_lag1,1155.14369880785,1032.5140794999124,1155.14369880785,1277.7733181157873,0.18766547286813198,2
1,1,0.3,target_lag2,558.0736257053375,529.5386272476044,558.0736257053375,586.6086241630707,0.09038812255779481,2
1,1,0.3,target_lag3,196.65180308107375,179.91354795099255,196.65180308107375,213.39005821115492,0.15046561387020857,2
1,1,0.3,target_lag4,388.1334785744857,377.6739265232467,388.1334785744857,398.5930306257247,0.04763838081404623,2
1,1,0.3,target_lag5,38.549602769756326,33.608924534358984,38.549602769756326,43.49028100515367,0.22656440228296018,2
1,1,0.3,target_lag6,138.9049413484001,113.43390635577008,138.9049413484001,164.3759763410301,0.324155883014162,2
1,1,0.3,trend_lag1,111.33174914852142,105.35037980303191,111.33174914852142,117.31311849401095,0.09497440885741065,2
1,1,0.3,year,1.504370889701854,0.3257681538314845,1.5043708897018537,2.6829736255722234,1.3849609703355297,2
1,2,0.02,item_id,73.17318023822783,73.17318023822783,73.17318023822783,73.17318023822783,,1
1,2,0.02,month_cos,51.30498437133789,51.30498437133789,51.30498437133789,51.30498437133789,,1
1,2,0.02,month_lag1,25.67858959976196,25.67858959976196,25.67858959976196,25.67858959976196,,1
1,2,0.02,month_sin,8.070875825424192,8.070875825424192,8.070875825424192,8.070875825424192,,1
1,2,0.02,target_lag1,1303.4876761982732,1303.4876761982732,1303.4876761982732,1303.4876761982732,,1
1,2,0.02,target_lag2,529.3122064961625,529.3122064961625,529.3122064961625,529.3122064961625,,1
1,2,0.02,target_lag3,176.43611415355684,176.43611415355684,176.43611415355684,176.43611415355684,,1
1,2,0.02,target_lag4,383.00615334720607,383.00615334720607,383.00615334720607,383.00615334720607,,1
1,2,0.02,target_lag5,32.24543501194001,32.24543501194001,32.24543501194001,32.24543501194001,,1
1,2,0.02,target_lag6,104.27970460979462,104.27970460979462,104.27970460979462,104.27970460979462,,1
1,2,0.02,trend_lag1,100.75031891166687,100.75031891166687,100.75031891166687,100.75031891166687,,1
1,2,0.02,year,3.1121344488525615,3.1121344488525615,3.1121344488525615,3.1121344488525615,,1
1,2,0.05,item_id,73.17318023822783,73.17318023822783,73.17318023822783,73.17318023822783,,1
1,2,0.05,month_cos,51.30498437133789,51.30498437133789,51.30498437133789,51.30498437133789,,1
1,2,0.05,month_lag1,25.67858959976196,25.67858959976196,25.67858959976196,25.67858959976196,,1
1,2,0.05,month_sin,8.070875825424192,8.070875825424192,8.070875825424192,8.070875825424192,,1
1,2,0.05,target_lag1,1303.4876761982732,1303.4876761982732,1303.4876761982732,1303.4876761982732,,1
1,2,0.05,target_lag2,529.3122064961625,529.3122064961625,529.3122064961625,529.3122064961625,,1
1,2,0.05,target_lag3,176.43611415355684,176.43611415355684,176.43611415355684,176.43611415355684,,1
1,2,0.05,target_lag4,383.00615334720607,383.00615334720607,383.00615334720607,383.00615334720607,,1
1,2,0.05,target_lag5,32.24543501194001,32.24543501194001,32.24543501194001,32.24543501194001,,1
1,2,0.05,target_lag6,104.27970460979462,104.27970460979462,104.27970460979462,104.27970460979462,,1
1,2,0.05,trend_lag1,100.75031891166687,100.75031891166687,100.75031891166687,100.75031891166687,,1
1,2,0.05,year,3.1121344488525615,3.1121344488525615,3.1121344488525615,3.1121344488525615,,1
1,2,0.1,item_id,81.1004367939949,74.75863154938125,81.1004367939949,87.44224203860855,0.13823395010872222,2
1,2,0.1,month_cos,52.94473078941344,51.632933654953,52.94473078941344,54.256527923873875,0.04379947897966808,2
1,2,0.1,month_lag1,30.465379233531948,26.635947526515956,30.465379233531948,34.29481094054794,0.2222044494641738,2
1,2,0.1,month_sin,10.573305745887756,8.571361809516905,10.573305745887756,12.575249682258608,0.3347080295851526,2
1,2,0.1,target_lag1,1160.4630229223826,1046.0433003016701,1160.4630229223826,1274.882745543095,0.17429887934482047,2
1,2,0.1,target_lag2,560.144566306324,535.4786784581948,560.144566306324,584.8104541544532,0.07784337120509026,2
1,2,0.1,target_lag3,196.8153296136665,180.51195724557877,196.8153296136665,213.11870198175427,0.14643454323798352,2
1,2,0.1,target_lag4,391.83400097568506,384.7717228729019,391.83400097568506,398.8962790784683,0.031861609282684215,2
1,2,0.1,target_lag5,37.92012962976456,33.38037393550492,37.92012962976456,42.45988532402421,0.2116350911562722,2
1,2,0.1,target_lag6,134.57747639053346,110.33925896594239,134.57747639053346,158.81569381512455,0.3183855197110786,2
1,2,0.1,trend_lag1,109.65359432479859,102.5309739942932,109.65359432479859,116.77621465530397,0.11482644883940805,2
1,2,0.1,year,1.5742771715545762,0.34399134971618783,1.574277171554576,2.8045629933929646,1.3814966372153825,2
1,2,0.2,item_id,81.1004367939949,74.75863154938125,81.1004367939949,87.44224203860855,0.13823395010872222,2
1,2,0.2,month_cos,52.94473078941344,51.632933654953,52.94473078941344,54.256527923873875,0.04379947897966808,2
1,2,0.2,month_lag1,30.465379233531948,26.635947526515956,30.465379233531948,34.29481094054794,0.2222044494641738,2
1,2,0.2,month_sin,10.573305745887756,8.571361809516905,10.573305745887756,12.575249682258608,0.3347080295851526,2
1,2,0.2,target_lag1,1160.4630229223826,1046.0433003016701,1160.4630229223826,1274.882745543095,0.17429887934482047,2
1,2,0.2,target_lag2,560.144566306324,535.4786784581948,560.144566306324,584.8104541544532,0.07784337120509026,2
1,2,0.2,target_lag3,196.8153296136665,180.51195724557877,196.8153296136665,213.11870198175427,0.14643454323798352,2
1,2,0.2,target_lag4,391.83400097568506,384.7717228729019,391.83400097568506,398.8962790784683,0.031861609282684215,2
1,2,0.2,target_lag5,37.92012962976456,33.38037393550492,37.92012962976456,42.45988532402421,0.2116350911562722,2
1,2,0.2,target_lag6,134.57747639053346,110.33925896594239,134.57747639053346,158.81569381512455,0.3183855197110786,2
1,2,0.2,trend_lag1,109.65359432479859,102.5309739942932,109.65359432479859,116.77621465530397,0.11482644883940805,2
1,2,0.2,year,1.5742771715545762,0.34399134971618783,1.574277171554576,2.8045629933929646,1.3814966372153825,2
1,2,0.3,item_id,81.1004367939949,74.75863154938125,81.1004367939949,87.44224203860855,0.13823395010872222,2
1,2,0.3,month_cos,52.94473078941344,51.632933654953,52.94473078941344,54.256527923873875,0.04379947897966808,2
1,2,0.3,month_lag1,30.465379233531948,26.635947526515956,30.465379233531948,34.29481094054794,0.2222044494641738,2
1,2,0.3,month_sin,10.573305745887756,8.571361809516905,10.573305745887756,12.575249682258608,0.3347080295851526,2
1,2,0.3,target_lag1,1160.4630229223826,1046.0433003016701,1160.4630229223826,1274.882745543095,0.17429887934482047,2
1,2,0.3,target_lag2,560.144566306324,535.4786784581948,560.144566306324,584.8104541544532,0.07784337120509026,2
1,2,0.3,target_lag3,196.8153296136665,180.51195724557877,196.8153296136665,213.11870198175427,0.14643454323798352,2
1,2,0.3,target_lag4,391.83400097568506,384.7717228729019,391.83400097568506,398.8962790784683,0.031861609282684215,2
1,2,0.3,target_lag5,37.92012962976456,33.38037393550492,37.92012962976456,42.45988532402421,0.2116350911562722,2
1,2,0.3,target_lag6,134.57747639053346,110.33925896594239,134.57747639053346,158.81569381512455,0.3183855197110786,2
1,2,0.3,trend_lag1,109.65359432479859,102.5309739942932,109.65359432479859,116.77621465530397,0.11482644883940805,2
1,2,0.3,year,1.5742771715545762,0.34399134971618783,1.574277171554576,2.8045629933929646,1.3814966372153825,2
