split_id,seed,eps,model,val_mae,test_mae
0,0,0.02,XRT_1_AutoML_16_20260420_195454,281.82566787945086,327.77673565410913
0,0,0.05,XRT_1_AutoML_16_20260420_195454,281.82566787945086,327.77673565410913
0,0,0.05,DRF_1_AutoML_16_20260420_195454,288.20802163132885,338.1689469900278
0,0,0.1,XRT_1_AutoML_16_20260420_195454,281.82566787945086,327.77673565410913
0,0,0.1,DRF_1_AutoML_16_20260420_195454,288.20802163132885,338.1689469900278
0,0,0.1,GBM_5_AutoML_16_20260420_195454,303.3181521824476,362.6799268617223
0,0,0.2,XRT_1_AutoML_16_20260420_195454,281.82566787945086,327.77673565410913
0,0,0.2,DRF_1_AutoML_16_20260420_195454,288.20802163132885,338.1689469900278
0,0,0.2,GBM_5_AutoML_16_20260420_195454,303.3181521824476,362.6799268617223
0,0,0.2,GBM_grid_1_AutoML_16_20260420_195454_model_3,315.7978499510572,336.02843486530514
0,0,0.2,GBM_3_AutoML_16_20260420_195454,318.96724073880915,355.33255768251263
0,0,0.2,GBM_2_AutoML_16_20260420_195454,320.20908382933607,341.9662138535562
0,0,0.2,XGBoost_grid_1_AutoML_16_20260420_195454_model_2,321.8315418746244,349.49816774113583
0,0,0.2,XGBoost_grid_1_AutoML_16_20260420_195454_model_3,324.9189720706881,356.6408525306114
0,0,0.2,GBM_4_AutoML_16_20260420_195454,326.26763333121755,355.474295150849
0,0,0.2,XGBoost_grid_1_AutoML_16_20260420_195454_model_5,329.2115602706205,345.519414759052
0,0,0.2,XGBoost_grid_1_AutoML_16_20260420_195454_model_1,329.60862778019833,361.0263344998873
0,0,0.3,XRT_1_AutoML_16_20260420_195454,281.82566787945086,327.77673565410913
0,0,0.3,DRF_1_AutoML_16_20260420_195454,288.20802163132885,338.1689469900278
0,0,0.3,GBM_5_AutoML_16_20260420_195454,303.3181521824476,362.6799268617223
0,0,0.3,GBM_grid_1_AutoML_16_20260420_195454_model_3,315.7978499510572,336.02843486530514
0,0,0.3,GBM_3_AutoML_16_20260420_195454,318.96724073880915,355.33255768251263
0,0,0.3,GBM_2_AutoML_16_20260420_195454,320.20908382933607,341.9662138535562
0,0,0.3,XGBoost_grid_1_AutoML_16_20260420_195454_model_2,321.8315418746244,349.49816774113583
0,0,0.3,XGBoost_grid_1_AutoML_16_20260420_195454_model_3,324.9189720706881,356.6408525306114
0,0,0.3,GBM_4_AutoML_16_20260420_195454,326.26763333121755,355.474295150849
0,0,0.3,XGBoost_grid_1_AutoML_16_20260420_195454_model_5,329.2115602706205,345.519414759052
0,0,0.3,XGBoost_grid_1_AutoML_16_20260420_195454_model_1,329.60862778019833,361.0263344998873
0,0,0.3,XGBoost_3_AutoML_16_20260420_195454,339.7272206691331,355.6366846371695
0,0,0.3,XGBoost_grid_1_AutoML_16_20260420_195454_model_4,342.0230970432692,415.1860748386794
0,0,0.3,XGBoost_2_AutoML_16_20260420_195454,346.7496189417443,373.2428234951547
0,0,0.3,XGBoost_1_AutoML_16_20260420_195454,361.89345221191405,386.383007505634
1,0,0.02,XRT_1_AutoML_17_20260420_195518,285.84437356567383,374.50459225733835
1,0,0.02,GBM_4_AutoML_17_20260420_195518,290.03198245419054,383.35010275045965
1,0,0.02,GBM_5_AutoML_17_20260420_195518,290.21824488379633,368.3001287261732
1,0,0.02,GBM_2_AutoML_17_20260420_195518,291.33219590072804,378.6473290574107
1,0,0.05,XRT_1_AutoML_17_20260420_195518,285.84437356567383,374.50459225733835
1,0,0.05,GBM_4_AutoML_17_20260420_195518,290.03198245419054,383.35010275045965
1,0,0.05,GBM_5_AutoML_17_20260420_195518,290.21824488379633,368.3001287261732
1,0,0.05,GBM_2_AutoML_17_20260420_195518,291.33219590072804,378.6473290574107
1,0,0.05,XGBoost_grid_1_AutoML_17_20260420_195518_model_4,291.93695095120944,383.9317434513972
1,0,0.05,DRF_1_AutoML_17_20260420_195518,294.1044748478548,374.4110523919878
1,0,0.05,GBM_3_AutoML_17_20260420_195518,296.61437294099727,370.6602860629588
1,0,0.1,XRT_1_AutoML_17_20260420_195518,285.84437356567383,374.50459225733835
1,0,0.1,GBM_4_AutoML_17_20260420_195518,290.03198245419054,383.35010275045965
1,0,0.1,GBM_5_AutoML_17_20260420_195518,290.21824488379633,368.3001287261732
1,0,0.1,GBM_2_AutoML_17_20260420_195518,291.33219590072804,378.6473290574107
1,0,0.1,XGBoost_grid_1_AutoML_17_20260420_195518_model_4,291.93695095120944,383.9317434513972
1,0,0.1,DRF_1_AutoML_17_20260420_195518,294.1044748478548,374.4110523919878
1,0,0.1,GBM_3_AutoML_17_20260420_195518,296.61437294099727,370.6602860629588
1,0,0.1,GBM_grid_1_AutoML_17_20260420_195518_model_3,304.1617958030398,368.7288881086755
1,0,0.1,XGBoost_2_AutoML_17_20260420_195518,306.2814293973483,373.9581497047776
1,0,0.1,XGBoost_grid_1_AutoML_17_20260420_195518_model_2,311.0400425674204,407.08120891714236
1,0,0.1,XGBoost_grid_1_AutoML_17_20260420_195518_model_5,313.6535750563402,384.3608794255183
1,0,0.1,XGBoost_grid_1_AutoML_17_20260420_195518_model_1,313.7966417923678,391.97560962646486
1,0,0.2,XRT_1_AutoML_17_20260420_195518,285.84437356567383,374.50459225733835
1,0,0.2,GBM_4_AutoML_17_20260420_195518,290.03198245419054,383.35010275045965
1,0,0.2,GBM_5_AutoML_17_20260420_195518,290.21824488379633,368.3001287261732
1,0,0.2,GBM_2_AutoML_17_20260420_195518,291.33219590072804,378.6473290574107
1,0,0.2,XGBoost_grid_1_AutoML_17_20260420_195518_model_4,291.93695095120944,383.9317434513972
1,0,0.2,DRF_1_AutoML_17_20260420_195518,294.1044748478548,374.4110523919878
1,0,0.2,GBM_3_AutoML_17_20260420_195518,296.61437294099727,370.6602860629588
1,0,0.2,GBM_grid_1_AutoML_17_20260420_195518_model_3,304.1617958030398,368.7288881086755
1,0,0.2,XGBoost_2_AutoML_17_20260420_195518,306.2814293973483,373.9581497047776
1,0,0.2,XGBoost_grid_1_AutoML_17_20260420_195518_model_2,311.0400425674204,407.08120891714236
1,0,0.2,XGBoost_grid_1_AutoML_17_20260420_195518_model_5,313.6535750563402,384.3608794255183
1,0,0.2,XGBoost_grid_1_AutoML_17_20260420_195518_model_1,313.7966417923678,391.97560962646486
1,0,0.2,XGBoost_grid_1_AutoML_17_20260420_195518_model_3,324.8242167095478,398.3629224055363
1,0,0.2,XGBoost_3_AutoML_17_20260420_195518,326.0808044153771,382.2892836104643
1,0,0.2,XGBoost_1_AutoML_17_20260420_195518,328.21774873103215,396.9374910526217
1,0,0.2,XGBoost_grid_1_AutoML_17_20260420_195518_model_6,332.6656506415264,420.6140579328801
1,0,0.3,XRT_1_AutoML_17_20260420_195518,285.84437356567383,374.50459225733835
1,0,0.3,GBM_4_AutoML_17_20260420_195518,290.03198245419054,383.35010275045965
1,0,0.3,GBM_5_AutoML_17_20260420_195518,290.21824488379633,368.3001287261732
1,0,0.3,GBM_2_AutoML_17_20260420_195518,291.33219590072804,378.6473290574107
1,0,0.3,XGBoost_grid_1_AutoML_17_20260420_195518_model_4,291.93695095120944,383.9317434513972
1,0,0.3,DRF_1_AutoML_17_20260420_195518,294.1044748478548,374.4110523919878
1,0,0.3,GBM_3_AutoML_17_20260420_195518,296.61437294099727,370.6602860629588
1,0,0.3,GBM_grid_1_AutoML_17_20260420_195518_model_3,304.1617958030398,368.7288881086755
1,0,0.3,XGBoost_2_AutoML_17_20260420_195518,306.2814293973483,373.9581497047776
1,0,0.3,XGBoost_grid_1_AutoML_17_20260420_195518_model_2,311.0400425674204,407.08120891714236
1,0,0.3,XGBoost_grid_1_AutoML_17_20260420_195518_model_5,313.6535750563402,384.3608794255183
1,0,0.3,XGBoost_grid_1_AutoML_17_20260420_195518_model_1,313.7966417923678,391.97560962646486
1,0,0.3,XGBoost_grid_1_AutoML_17_20260420_195518_model_3,324.8242167095478,398.3629224055363
1,0,0.3,XGBoost_3_AutoML_17_20260420_195518,326.0808044153771,382.2892836104643
1,0,0.3,XGBoost_1_AutoML_17_20260420_195518,328.21774873103215,396.9374910526217
1,0,0.3,XGBoost_grid_1_AutoML_17_20260420_195518_model_6,332.6656506415264,420.6140579328801
0,1,0.02,XRT_1_AutoML_19_20260420_195545,290.72601814143263,341.30192138373747
0,1,0.05,XRT_1_AutoML_19_20260420_195545,290.72601814143263,341.30192138373747
0,1,0.05,GBM_grid_1_AutoML_19_20260420_195545_model_2,299.8562476972391,311.0413539394511
0,1,0.05,DRF_1_AutoML_19_20260420_195545,299.8966108472854,355.37609883028466
0,1,0.1,XRT_1_AutoML_19_20260420_195545,290.72601814143263,341.30192138373747
0,1,0.1,GBM_grid_1_AutoML_19_20260420_195545_model_2,299.8562476972391,311.0413539394511
0,1,0.1,DRF_1_AutoML_19_20260420_195545,299.8966108472854,355.37609883028466
0,1,0.1,GBM_5_AutoML_19_20260420_195545,306.1289810496564,354.40980286673476
0,1,0.1,XGBoost_grid_1_AutoML_19_20260420_195545_model_3,314.8135146373573,360.2395259521484
0,1,0.1,GBM_2_AutoML_19_20260420_195545,315.0639821095104,343.0901541348592
0,1,0.1,XGBoost_grid_1_AutoML_19_20260420_195545_model_2,315.23748836068967,346.8005064922626
0,1,0.1,GBM_3_AutoML_19_20260420_195545,317.98029704155834,353.02637233770184
0,1,0.1,GBM_4_AutoML_19_20260420_195545,318.9696881143024,347.6279815401507
0,1,0.2,XRT_1_AutoML_19_20260420_195545,290.72601814143263,341.30192138373747
0,1,0.2,GBM_grid_1_AutoML_19_20260420_195545_model_2,299.8562476972391,311.0413539394511
0,1,0.2,DRF_1_AutoML_19_20260420_195545,299.8966108472854,355.37609883028466
0,1,0.2,GBM_5_AutoML_19_20260420_195545,306.1289810496564,354.40980286673476
0,1,0.2,XGBoost_grid_1_AutoML_19_20260420_195545_model_3,314.8135146373573,360.2395259521484
0,1,0.2,GBM_2_AutoML_19_20260420_195545,315.0639821095104,343.0901541348592
0,1,0.2,XGBoost_grid_1_AutoML_19_20260420_195545_model_2,315.23748836068967,346.8005064922626
0,1,0.2,GBM_3_AutoML_19_20260420_195545,317.98029704155834,353.02637233770184
0,1,0.2,GBM_4_AutoML_19_20260420_195545,318.9696881143024,347.6279815401507
0,1,0.2,GBM_grid_1_AutoML_19_20260420_195545_model_3,322.6723839741343,357.2911744036224
0,1,0.2,XGBoost_grid_1_AutoML_19_20260420_195545_model_4,327.02162899921126,373.3325831112906
0,1,0.2,GBM_grid_1_AutoML_19_20260420_195545_model_1,327.15986954427325,359.4251676037391
0,1,0.2,XGBoost_1_AutoML_19_20260420_195545,333.19375767352767,371.03735356971157
0,1,0.2,XGBoost_2_AutoML_19_20260420_195545,335.1683183971229,391.9273858189979
0,1,0.2,XGBoost_3_AutoML_19_20260420_195545,338.86602607534553,361.99531145808294
0,1,0.2,XGBoost_grid_1_AutoML_19_20260420_195545_model_1,342.3608344463642,369.26734145376355
0,1,0.3,XRT_1_AutoML_19_20260420_195545,290.72601814143263,341.30192138373747
0,1,0.3,GBM_grid_1_AutoML_19_20260420_195545_model_2,299.8562476972391,311.0413539394511
0,1,0.3,DRF_1_AutoML_19_20260420_195545,299.8966108472854,355.37609883028466
0,1,0.3,GBM_5_AutoML_19_20260420_195545,306.1289810496564,354.40980286673476
0,1,0.3,XGBoost_grid_1_AutoML_19_20260420_195545_model_3,314.8135146373573,360.2395259521484
0,1,0.3,GBM_2_AutoML_19_20260420_195545,315.0639821095104,343.0901541348592
0,1,0.3,XGBoost_grid_1_AutoML_19_20260420_195545_model_2,315.23748836068967,346.8005064922626
0,1,0.3,GBM_3_AutoML_19_20260420_195545,317.98029704155834,353.02637233770184
0,1,0.3,GBM_4_AutoML_19_20260420_195545,318.9696881143024,347.6279815401507
0,1,0.3,GBM_grid_1_AutoML_19_20260420_195545_model_3,322.6723839741343,357.2911744036224
0,1,0.3,XGBoost_grid_1_AutoML_19_20260420_195545_model_4,327.02162899921126,373.3325831112906
0,1,0.3,GBM_grid_1_AutoML_19_20260420_195545_model_1,327.15986954427325,359.4251676037391
0,1,0.3,XGBoost_1_AutoML_19_20260420_195545,333.19375767352767,371.03735356971157
0,1,0.3,XGBoost_2_AutoML_19_20260420_195545,335.1683183971229,391.9273858189979
0,1,0.3,XGBoost_3_AutoML_19_20260420_195545,338.86602607534553,361.99531145808294
0,1,0.3,XGBoost_grid_1_AutoML_19_20260420_195545_model_1,342.3608344463642,369.26734145376355
0,1,0.3,XGBoost_grid_1_AutoML_19_20260420_195545_model_5,363.8119833961839,397.36801448429986
0,1,0.3,XGBoost_grid_1_AutoML_19_20260420_195545_model_6,364.577155554387,412.82457340501054
1,1,0.02,GBM_5_AutoML_20_20260420_195620,271.54102817874116,359.0357188581005
1,1,0.05,GBM_5_AutoML_20_20260420_195620,271.54102817874116,359.0357188581005
1,1,0.1,GBM_5_AutoML_20_20260420_195620,271.54102817874116,359.0357188581005
1,1,0.1,GBM_3_AutoML_20_20260420_195620,290.1794056325283,381.8959391058571
1,1,0.1,GBM_4_AutoML_20_20260420_195620,294.2417540106932,378.5947210552217
1,1,0.1,GBM_2_AutoML_20_20260420_195620,296.1250315367798,379.6690437549655
1,1,0.1,DRF_1_AutoML_20_20260420_195620,296.17228606236387,385.3457715090003
1,1,0.1,GBM_grid_1_AutoML_20_20260420_195620_model_2,296.2275908790172,368.62093360819216
1,1,0.1,XGBoost_grid_1_AutoML_20_20260420_195620_model_3,298.0383376876127,401.84224133826626
1,1,0.2,GBM_5_AutoML_20_20260420_195620,271.54102817874116,359.0357188581005
1,1,0.2,GBM_3_AutoML_20_20260420_195620,290.1794056325283,381.8959391058571
1,1,0.2,GBM_4_AutoML_20_20260420_195620,294.2417540106932,378.5947210552217
1,1,0.2,GBM_2_AutoML_20_20260420_195620,296.1250315367798,379.6690437549655
1,1,0.2,DRF_1_AutoML_20_20260420_195620,296.17228606236387,385.3457715090003
1,1,0.2,GBM_grid_1_AutoML_20_20260420_195620_model_2,296.2275908790172,368.62093360819216
1,1,0.2,XGBoost_grid_1_AutoML_20_20260420_195620_model_3,298.0383376876127,401.84224133826626
1,1,0.2,XRT_1_AutoML_20_20260420_195620,298.78421674936146,377.2948158091384
1,1,0.2,XGBoost_grid_1_AutoML_20_20260420_195620_model_2,313.10427759596604,388.8182662646484
1,1,0.2,GBM_grid_1_AutoML_20_20260420_195620_model_1,314.8892256784401,378.7409286042303
1,1,0.2,XGBoost_1_AutoML_20_20260420_195620,316.46700397629957,398.84364472130414
1,1,0.2,XGBoost_2_AutoML_20_20260420_195620,316.8354083533654,401.82947870455223
1,1,0.2,XGBoost_grid_1_AutoML_20_20260420_195620_model_4,316.88344124023433,405.2633538161058
1,1,0.2,XGBoost_grid_1_AutoML_20_20260420_195620_model_1,317.41513901348407,402.62266816969645
1,1,0.2,GBM_grid_1_AutoML_20_20260420_195620_model_3,321.50282998836786,387.28604091410625
1,1,0.2,XGBoost_3_AutoML_20_20260420_195620,324.24293766357425,387.2908201603816
1,1,0.3,GBM_5_AutoML_20_20260420_195620,271.54102817874116,359.0357188581005
1,1,0.3,GBM_3_AutoML_20_20260420_195620,290.1794056325283,381.8959391058571
1,1,0.3,GBM_4_AutoML_20_20260420_195620,294.2417540106932,378.5947210552217
1,1,0.3,GBM_2_AutoML_20_20260420_195620,296.1250315367798,379.6690437549655
1,1,0.3,DRF_1_AutoML_20_20260420_195620,296.17228606236387,385.3457715090003
1,1,0.3,GBM_grid_1_AutoML_20_20260420_195620_model_2,296.2275908790172,368.62093360819216
1,1,0.3,XGBoost_grid_1_AutoML_20_20260420_195620_model_3,298.0383376876127,401.84224133826626
1,1,0.3,XRT_1_AutoML_20_20260420_195620,298.78421674936146,377.2948158091384
1,1,0.3,XGBoost_grid_1_AutoML_20_20260420_195620_model_2,313.10427759596604,388.8182662646484
1,1,0.3,GBM_grid_1_AutoML_20_20260420_195620_model_1,314.8892256784401,378.7409286042303
1,1,0.3,XGBoost_1_AutoML_20_20260420_195620,316.46700397629957,398.84364472130414
1,1,0.3,XGBoost_2_AutoML_20_20260420_195620,316.8354083533654,401.82947870455223
1,1,0.3,XGBoost_grid_1_AutoML_20_20260420_195620_model_4,316.88344124023433,405.2633538161058
1,1,0.3,XGBoost_grid_1_AutoML_20_20260420_195620_model_1,317.41513901348407,402.62266816969645
1,1,0.3,GBM_grid_1_AutoML_20_20260420_195620_model_3,321.50282998836786,387.28604091410625
1,1,0.3,XGBoost_3_AutoML_20_20260420_195620,324.24293766357425,387.2908201603816
1,1,0.3,XGBoost_grid_1_AutoML_20_20260420_195620_model_5,335.62799417893626,403.4518477486479
1,1,0.3,XGBoost_grid_1_AutoML_20_20260420_195620_model_6,339.78071457406844,396.3205639969576
0,2,0.02,XRT_1_AutoML_21_20260420_195710,279.1663578697791,337.3022637299054
0,2,0.05,XRT_1_AutoML_21_20260420_195710,279.1663578697791,337.3022637299054
0,2,0.1,XRT_1_AutoML_21_20260420_195710,279.1663578697791,337.3022637299054
0,2,0.1,GBM_5_AutoML_21_20260420_195710,305.290774433362,333.9905682776434
0,2,0.2,XRT_1_AutoML_21_20260420_195710,279.1663578697791,337.3022637299054
0,2,0.2,GBM_5_AutoML_21_20260420_195710,305.290774433362,333.9905682776434
0,2,0.2,GBM_grid_1_AutoML_21_20260420_195710_model_3,308.9890679453583,360.53812153352783
0,2,0.2,GBM_4_AutoML_21_20260420_195710,310.27016330630397,349.06467060307165
0,2,0.2,DRF_1_AutoML_21_20260420_195710,311.33224807099396,395.52467125531206
0,2,0.2,XGBoost_3_AutoML_21_20260420_195710,314.02752036245494,347.636400644719
0,2,0.2,GBM_3_AutoML_21_20260420_195710,318.77668464368475,342.67682345403387
0,2,0.2,GBM_2_AutoML_21_20260420_195710,323.47372513745813,353.15946211602807
0,2,0.2,XGBoost_grid_1_AutoML_21_20260420_195710_model_4,326.85339294546276,353.1932525463867
0,2,0.2,GBM_grid_1_AutoML_21_20260420_195710_model_1,326.94213766769127,365.51110772276746
0,2,0.2,XGBoost_grid_1_AutoML_21_20260420_195710_model_3,327.94350856501654,339.15905026047926
0,2,0.3,XRT_1_AutoML_21_20260420_195710,279.1663578697791,337.3022637299054
0,2,0.3,GBM_5_AutoML_21_20260420_195710,305.290774433362,333.9905682776434
0,2,0.3,GBM_grid_1_AutoML_21_20260420_195710_model_3,308.9890679453583,360.53812153352783
0,2,0.3,GBM_4_AutoML_21_20260420_195710,310.27016330630397,349.06467060307165
0,2,0.3,DRF_1_AutoML_21_20260420_195710,311.33224807099396,395.52467125531206
0,2,0.3,XGBoost_3_AutoML_21_20260420_195710,314.02752036245494,347.636400644719
0,2,0.3,GBM_3_AutoML_21_20260420_195710,318.77668464368475,342.67682345403387
0,2,0.3,GBM_2_AutoML_21_20260420_195710,323.47372513745813,353.15946211602807
0,2,0.3,XGBoost_grid_1_AutoML_21_20260420_195710_model_4,326.85339294546276,353.1932525463867
0,2,0.3,GBM_grid_1_AutoML_21_20260420_195710_model_1,326.94213766769127,365.51110772276746
0,2,0.3,XGBoost_grid_1_AutoML_21_20260420_195710_model_3,327.94350856501654,339.15905026047926
0,2,0.3,XGBoost_grid_1_AutoML_21_20260420_195710_model_6,335.8666577693059,383.1970295089017
0,2,0.3,XGBoost_grid_1_AutoML_21_20260420_195710_model_5,336.42958398850664,351.16882794565055
0,2,0.3,XGBoost_2_AutoML_21_20260420_195710,337.51964810002255,364.86983276329624
0,2,0.3,XGBoost_grid_1_AutoML_21_20260420_195710_model_2,341.6583023144531,381.8411858796575
0,2,0.3,GBM_grid_1_AutoML_21_20260420_195710_model_2,348.8161479860446,387.6816933509556
0,2,0.3,XGBoost_1_AutoML_21_20260420_195710,359.5134432684796,400.12707360652047
0,2,0.3,XGBoost_grid_1_AutoML_21_20260420_195710_model_1,362.644299692195,383.6843624921123
1,2,0.02,GBM_5_AutoML_22_20260420_195739,286.3406633779392,381.1903316279395
1,2,0.02,XRT_1_AutoML_22_20260420_195739,288.3696726854008,380.4681030423052
1,2,0.05,GBM_5_AutoML_22_20260420_195739,286.3406633779392,381.1903316279395
1,2,0.05,XRT_1_AutoML_22_20260420_195739,288.3696726854008,380.4681030423052
1,2,0.05,GBM_3_AutoML_22_20260420_195739,292.4317328640143,380.40920154131106
1,2,0.05,GBM_4_AutoML_22_20260420_195739,292.8455271002955,378.275530683451
1,2,0.05,GBM_grid_1_AutoML_22_20260420_195739_model_3,292.8776552889146,393.18330378755803
1,2,0.05,DRF_1_AutoML_22_20260420_195739,295.93244794471156,372.2772610042631
1,2,0.05,GBM_2_AutoML_22_20260420_195739,297.16901128831125,377.78564466535744
1,2,0.1,GBM_5_AutoML_22_20260420_195739,286.3406633779392,381.1903316279395
1,2,0.1,XRT_1_AutoML_22_20260420_195739,288.3696726854008,380.4681030423052
1,2,0.1,GBM_3_AutoML_22_20260420_195739,292.4317328640143,380.40920154131106
1,2,0.1,GBM_4_AutoML_22_20260420_195739,292.8455271002955,378.275530683451
1,2,0.1,GBM_grid_1_AutoML_22_20260420_195739_model_3,292.8776552889146,393.18330378755803
1,2,0.1,DRF_1_AutoML_22_20260420_195739,295.93244794471156,372.2772610042631
1,2,0.1,GBM_2_AutoML_22_20260420_195739,297.16901128831125,377.78564466535744
1,2,0.1,XGBoost_grid_1_AutoML_22_20260420_195739_model_2,309.53533197866585,388.1650898683519
1,2,0.1,XGBoost_grid_1_AutoML_22_20260420_195739_model_4,309.6029744041091,386.094066006235
1,2,0.1,XGBoost_grid_1_AutoML_22_20260420_195739_model_3,310.706699128418,393.14583489952673
1,2,0.2,GBM_5_AutoML_22_20260420_195739,286.3406633779392,381.1903316279395
1,2,0.2,XRT_1_AutoML_22_20260420_195739,288.3696726854008,380.4681030423052
1,2,0.2,GBM_3_AutoML_22_20260420_195739,292.4317328640143,380.40920154131106
1,2,0.2,GBM_4_AutoML_22_20260420_195739,292.8455271002955,378.275530683451
1,2,0.2,GBM_grid_1_AutoML_22_20260420_195739_model_3,292.8776552889146,393.18330378755803
1,2,0.2,DRF_1_AutoML_22_20260420_195739,295.93244794471156,372.2772610042631
1,2,0.2,GBM_2_AutoML_22_20260420_195739,297.16901128831125,377.78564466535744
1,2,0.2,XGBoost_grid_1_AutoML_22_20260420_195739_model_2,309.53533197866585,388.1650898683519
1,2,0.2,XGBoost_grid_1_AutoML_22_20260420_195739_model_4,309.6029744041091,386.094066006235
1,2,0.2,XGBoost_grid_1_AutoML_22_20260420_195739_model_3,310.706699128418,393.14583489952673
1,2,0.2,XGBoost_grid_1_AutoML_22_20260420_195739_model_5,317.79989248591494,396.02823390024037
1,2,0.2,GBM_grid_1_AutoML_22_20260420_195739_model_1,324.57851686324767,380.77693970187374
1,2,0.2,XGBoost_2_AutoML_22_20260420_195739,327.5053611365685,402.8274552229192
1,2,0.2,GBM_grid_1_AutoML_22_20260420_195739_model_2,331.3244363072937,401.0765236171701
1,2,0.2,XGBoost_3_AutoML_22_20260420_195739,332.23383989689756,385.59655129281856
1,2,0.2,XGBoost_1_AutoML_22_20260420_195739,334.9883919811072,413.66811327261115
1,2,0.2,XGBoost_grid_1_AutoML_22_20260420_195739_model_1,341.58723780235874,413.1230321488131
1,2,0.3,GBM_5_AutoML_22_20260420_195739,286.3406633779392,381.1903316279395
1,2,0.3,XRT_1_AutoML_22_20260420_195739,288.3696726854008,380.4681030423052
1,2,0.3,GBM_3_AutoML_22_20260420_195739,292.4317328640143,380.40920154131106
1,2,0.3,GBM_4_AutoML_22_20260420_195739,292.8455271002955,378.275530683451
1,2,0.3,GBM_grid_1_AutoML_22_20260420_195739_model_3,292.8776552889146,393.18330378755803
1,2,0.3,DRF_1_AutoML_22_20260420_195739,295.93244794471156,372.2772610042631
1,2,0.3,GBM_2_AutoML_22_20260420_195739,297.16901128831125,377.78564466535744
1,2,0.3,XGBoost_grid_1_AutoML_22_20260420_195739_model_2,309.53533197866585,388.1650898683519
1,2,0.3,XGBoost_grid_1_AutoML_22_20260420_195739_model_4,309.6029744041091,386.094066006235
1,2,0.3,XGBoost_grid_1_AutoML_22_20260420_195739_model_3,310.706699128418,393.14583489952673
1,2,0.3,XGBoost_grid_1_AutoML_22_20260420_195739_model_5,317.79989248591494,396.02823390024037
1,2,0.3,GBM_grid_1_AutoML_22_20260420_195739_model_1,324.57851686324767,380.77693970187374
1,2,0.3,XGBoost_2_AutoML_22_20260420_195739,327.5053611365685,402.8274552229192
1,2,0.3,GBM_grid_1_AutoML_22_20260420_195739_model_2,331.3244363072937,401.0765236171701
1,2,0.3,XGBoost_3_AutoML_22_20260420_195739,332.23383989689756,385.59655129281856
1,2,0.3,XGBoost_1_AutoML_22_20260420_195739,334.9883919811072,413.66811327261115
1,2,0.3,XGBoost_grid_1_AutoML_22_20260420_195739_model_1,341.58723780235874,413.1230321488131
1,2,0.3,XGBoost_grid_1_AutoML_22_20260420_195739_model_6,345.5206289103816,417.04736443246696
